Day Index,Sessions
4/2/2009,"3,241"
4/3/2009,"2,043"
4/4/2009,"1,358"
4/5/2009,"1,649"
4/6/2009,"2,681"
4/7/2009,"17,258"
4/8/2009,"20,943"
4/9/2009,"25,199"
4/10/2009,"26,375"
4/11/2009,"23,594"
4/12/2009,"21,414"
4/13/2009,"22,999"
4/14/2009,"20,694"
4/15/2009,"27,905"
4/16/2009,"25,961"
4/17/2009,"25,312"
4/18/2009,"23,161"
4/19/2009,"22,791"
4/20/2009,"20,631"
4/21/2009,"18,843"
4/22/2009,"19,245"
4/23/2009,"20,601"
4/24/2009,"22,027"
4/25/2009,"20,432"
4/26/2009,"19,400"
4/27/2009,"18,275"
4/28/2009,"18,259"
4/29/2009,"21,413"
4/30/2009,"19,066"
5/1/2009,"19,896"
5/2/2009,"20,064"
5/3/2009,"20,494"
5/4/2009,"18,716"
5/5/2009,"18,103"
5/6/2009,"18,389"
5/7/2009,"18,946"
5/8/2009,"20,286"
5/9/2009,"20,032"
5/10/2009,"18,685"
5/11/2009,"18,137"
5/12/2009,"19,056"
5/13/2009,"19,693"
5/14/2009,"19,858"
5/15/2009,"20,724"
5/16/2009,"20,706"
5/17/2009,"22,623"
5/18/2009,"35,291"
5/19/2009,"25,502"
5/20/2009,"23,490"
5/21/2009,"25,127"
5/22/2009,"27,538"
5/23/2009,"27,712"
5/24/2009,"30,616"
5/25/2009,"27,584"
5/26/2009,"21,157"
5/27/2009,"19,117"
5/28/2009,"19,315"
5/29/2009,"19,767"
5/30/2009,"19,052"
5/31/2009,"19,985"
6/1/2009,"19,166"
6/2/2009,"19,019"
6/3/2009,"19,840"
6/4/2009,"22,932"
6/5/2009,"22,918"
6/6/2009,"20,388"
6/7/2009,"20,829"
6/8/2009,"21,087"
6/9/2009,"21,045"
6/10/2009,"21,212"
6/11/2009,"21,192"
6/12/2009,"21,529"
6/13/2009,"20,614"
6/14/2009,"22,273"
6/15/2009,"21,687"
6/16/2009,"21,809"
6/17/2009,"22,343"
6/18/2009,"22,591"
6/19/2009,"22,185"
6/20/2009,"20,910"
6/21/2009,"20,862"
6/22/2009,"22,701"
6/23/2009,"23,468"
6/24/2009,"22,691"
6/25/2009,"26,853"
6/26/2009,"24,092"
6/27/2009,"21,131"
6/28/2009,"23,630"
6/29/2009,"25,257"
6/30/2009,"25,194"
7/1/2009,"26,487"
7/2/2009,"31,045"
7/3/2009,"30,467"
7/4/2009,"25,330"
7/5/2009,"26,540"
7/6/2009,"25,914"
7/7/2009,"23,138"
7/8/2009,"24,287"
7/9/2009,"26,044"
7/10/2009,"25,116"
7/11/2009,"23,685"
7/12/2009,"24,704"
7/13/2009,"26,124"
7/14/2009,"26,377"
7/15/2009,"27,824"
7/16/2009,"29,393"
7/17/2009,"31,361"
7/18/2009,"28,461"
7/19/2009,"30,689"
7/20/2009,"34,401"
7/21/2009,"34,126"
7/22/2009,"34,088"
7/23/2009,"41,677"
7/24/2009,"50,094"
7/25/2009,"34,208"
7/26/2009,"35,484"
7/27/2009,"38,632"
7/28/2009,"36,359"
7/29/2009,"36,781"
7/30/2009,"42,542"
7/31/2009,"42,229"
8/1/2009,"36,403"
8/2/2009,"34,057"
8/3/2009,"35,685"
8/4/2009,"35,299"
8/5/2009,"36,852"
8/6/2009,"39,948"
8/7/2009,"41,136"
8/8/2009,"35,778"
8/9/2009,"37,145"
8/10/2009,"39,598"
8/11/2009,"35,952"
8/12/2009,"36,822"
8/13/2009,"37,247"
8/14/2009,"36,391"
8/15/2009,"34,021"
8/16/2009,"33,827"
8/17/2009,"33,846"
8/18/2009,"33,119"
8/19/2009,"32,505"
8/20/2009,"33,690"
8/21/2009,"31,931"
8/22/2009,"34,586"
8/23/2009,"33,959"
8/24/2009,"29,946"
8/25/2009,"28,738"
8/26/2009,"28,896"
8/27/2009,"28,543"
8/28/2009,"27,804"
8/29/2009,"30,224"
8/30/2009,"32,100"
8/31/2009,"46,266"
9/1/2009,"32,885"
9/2/2009,"29,386"
9/3/2009,"30,688"
9/4/2009,"33,411"
9/5/2009,"33,858"
9/6/2009,"26,759"
9/7/2009,"25,506"
9/8/2009,"22,159"
9/9/2009,"20,673"
9/10/2009,"20,507"
9/11/2009,"21,418"
9/12/2009,"22,312"
9/13/2009,"21,025"
9/14/2009,"19,050"
9/15/2009,"19,315"
9/16/2009,"21,708"
9/17/2009,"22,590"
9/18/2009,"24,066"
9/19/2009,"24,173"
9/20/2009,"24,115"
9/21/2009,"26,749"
9/22/2009,"23,134"
9/23/2009,"23,112"
9/24/2009,"22,775"
9/25/2009,"24,378"
9/26/2009,"18,814"
9/27/2009,"17,916"
9/28/2009,"21,428"
9/29/2009,"22,914"
9/30/2009,"23,227"
10/1/2009,"24,605"
10/2/2009,"26,092"
10/3/2009,"27,052"
10/4/2009,"26,326"
10/5/2009,"25,959"
10/6/2009,"25,048"
10/7/2009,"23,476"
10/8/2009,"16,600"
10/9/2009,"25,530"
10/10/2009,"32,026"
10/11/2009,"32,678"
10/12/2009,"30,661"
10/13/2009,"25,194"
10/14/2009,"25,809"
10/15/2009,"27,232"
10/16/2009,"28,785"
10/17/2009,"28,538"
10/18/2009,"27,630"
10/19/2009,"25,306"
10/20/2009,"23,356"
10/21/2009,"24,389"
10/22/2009,"25,752"
10/23/2009,"26,002"
10/24/2009,"25,230"
10/25/2009,"23,496"
10/26/2009,"22,618"
10/27/2009,"25,014"
10/28/2009,"32,931"
10/29/2009,"34,024"
10/30/2009,"28,182"
10/31/2009,"23,377"
11/1/2009,"28,095"
11/2/2009,"26,620"
11/3/2009,"30,384"
11/4/2009,"32,979"
11/5/2009,"33,082"
11/6/2009,"35,242"
11/7/2009,"32,570"
11/8/2009,"31,792"
11/9/2009,"32,319"
11/10/2009,"34,452"
11/11/2009,"36,331"
11/12/2009,"33,891"
11/13/2009,"37,858"
11/14/2009,"34,942"
11/15/2009,"34,154"
11/16/2009,"33,672"
11/17/2009,"52,591"
11/18/2009,"53,457"
11/19/2009,"41,676"
11/20/2009,"41,931"
11/21/2009,"38,803"
11/22/2009,"43,507"
11/23/2009,"50,931"
11/24/2009,"53,454"
11/25/2009,"59,398"
11/26/2009,"115,778"
11/27/2009,"63,095"
11/28/2009,"42,630"
11/29/2009,"36,475"
11/30/2009,"33,770"
12/1/2009,"33,545"
12/2/2009,"35,477"
12/3/2009,"33,369"
12/4/2009,"35,223"
12/5/2009,"33,516"
12/6/2009,"32,758"
12/7/2009,"31,501"
12/8/2009,"29,754"
12/9/2009,"29,658"
12/10/2009,"33,194"
12/11/2009,"35,150"
12/12/2009,"34,098"
12/13/2009,"32,902"
12/14/2009,"31,311"
12/15/2009,"30,318"
12/16/2009,"29,330"
12/17/2009,"29,607"
12/18/2009,"31,290"
12/19/2009,"28,325"
12/20/2009,"31,167"
12/21/2009,"31,768"
12/22/2009,"29,383"
12/23/2009,"28,467"
12/24/2009,"20,026"
12/25/2009,"26,259"
12/26/2009,"39,446"
12/27/2009,"36,514"
12/28/2009,"35,018"
12/29/2009,"32,005"
12/30/2009,"29,908"
12/31/2009,"25,361"
1/1/2010,"35,433"
1/2/2010,"27,243"
1/3/2010,"22,444"
1/4/2010,"19,336"
1/5/2010,"17,800"
1/6/2010,"17,655"
1/7/2010,"17,290"
1/8/2010,"18,853"
1/9/2010,"20,952"
1/10/2010,"20,435"
1/11/2010,"17,614"
1/12/2010,"18,561"
1/13/2010,"18,070"
1/14/2010,"18,384"
1/15/2010,"20,885"
1/16/2010,"23,367"
1/17/2010,"23,271"
1/18/2010,"21,631"
1/19/2010,"16,241"
1/20/2010,"16,298"
1/21/2010,"17,856"
1/22/2010,"18,957"
1/23/2010,"21,060"
1/24/2010,"19,249"
1/25/2010,"16,385"
1/26/2010,"16,492"
1/27/2010,"16,819"
1/28/2010,"19,015"
1/29/2010,"19,953"
1/30/2010,"22,128"
1/31/2010,"21,754"
2/1/2010,"17,330"
2/2/2010,"17,559"
2/3/2010,"17,219"
2/4/2010,"17,200"
2/5/2010,"18,061"
2/6/2010,"20,308"
2/7/2010,"18,922"
2/8/2010,"35,211"
2/9/2010,"28,258"
2/10/2010,"22,529"
2/11/2010,"21,989"
2/12/2010,"23,490"
2/13/2010,"26,272"
2/14/2010,"25,824"
2/15/2010,"23,991"
2/16/2010,"19,068"
2/17/2010,"19,272"
2/18/2010,"20,282"
2/19/2010,"22,408"
2/20/2010,"24,856"
2/21/2010,"23,210"
2/22/2010,"19,118"
2/23/2010,"18,389"
2/24/2010,"18,281"
2/25/2010,"19,293"
2/26/2010,"22,436"
2/27/2010,"24,147"
2/28/2010,"23,260"
3/1/2010,"19,484"
3/2/2010,"23,428"
3/3/2010,"22,235"
3/4/2010,"21,454"
3/5/2010,"23,989"
3/6/2010,"26,995"
3/7/2010,"25,912"
3/8/2010,"22,167"
3/9/2010,"22,480"
3/10/2010,"22,527"
3/11/2010,"23,330"
3/12/2010,"25,287"
3/13/2010,"26,603"
3/14/2010,"25,480"
3/15/2010,"26,228"
3/16/2010,"24,409"
3/17/2010,"26,189"
3/18/2010,"25,886"
3/19/2010,"29,106"
3/20/2010,"29,298"
3/21/2010,"28,455"
3/22/2010,"24,048"
3/23/2010,"22,681"
3/24/2010,"22,990"
3/25/2010,"24,879"
3/26/2010,"27,398"
3/27/2010,"28,158"
3/28/2010,"28,396"
3/29/2010,"27,457"
3/30/2010,"39,328"
3/31/2010,"33,799"
4/1/2010,"30,877"
4/2/2010,"32,751"
4/3/2010,"29,514"
4/4/2010,"26,918"
4/5/2010,"27,094"
4/6/2010,"26,149"
4/7/2010,"25,496"
4/8/2010,"25,567"
4/9/2010,"26,526"
4/10/2010,"25,908"
4/11/2010,"24,359"
4/12/2010,"22,693"
4/13/2010,"20,146"
4/14/2010,"20,648"
4/15/2010,"21,814"
4/16/2010,"23,997"
4/17/2010,"25,297"
4/18/2010,"24,897"
4/19/2010,"20,895"
4/20/2010,"19,957"
4/21/2010,"20,679"
4/22/2010,"22,075"
4/23/2010,"23,630"
4/24/2010,"24,412"
4/25/2010,"23,839"
4/26/2010,"20,463"
4/27/2010,"18,383"
4/28/2010,"22,942"
4/29/2010,"19,616"
4/30/2010,"17,881"
5/1/2010,"18,378"
5/2/2010,"17,974"
5/3/2010,"14,889"
5/4/2010,"14,712"
5/5/2010,"14,498"
5/6/2010,"15,427"
5/7/2010,"17,038"
5/8/2010,"18,414"
5/9/2010,"16,769"
5/10/2010,"24,327"
5/11/2010,"26,209"
5/12/2010,"17,903"
5/13/2010,"17,163"
5/14/2010,"18,382"
5/15/2010,"18,866"
5/16/2010,"19,347"
5/17/2010,"20,495"
5/18/2010,"20,984"
5/19/2010,"21,287"
5/20/2010,"19,385"
5/21/2010,"20,398"
5/22/2010,"25,705"
5/23/2010,"21,898"
5/24/2010,"34,181"
5/25/2010,"35,114"
5/26/2010,"24,474"
5/27/2010,"25,257"
5/28/2010,"28,544"
5/29/2010,"29,855"
5/30/2010,"31,849"
5/31/2010,"32,207"
6/1/2010,"21,828"
6/2/2010,"18,563"
6/3/2010,"22,906"
6/4/2010,"24,681"
6/5/2010,"21,307"
6/6/2010,"21,205"
6/7/2010,"26,022"
6/8/2010,"26,963"
6/9/2010,"20,805"
6/10/2010,"19,891"
6/11/2010,"20,222"
6/12/2010,"21,219"
6/13/2010,"22,240"
6/14/2010,"21,337"
6/15/2010,"20,663"
6/16/2010,"20,195"
6/17/2010,"21,161"
6/18/2010,"20,758"
6/19/2010,"19,855"
6/20/2010,"20,315"
6/21/2010,"21,332"
6/22/2010,"20,678"
6/23/2010,"31,515"
6/24/2010,"28,372"
6/25/2010,"23,625"
6/26/2010,"23,851"
6/27/2010,"24,682"
6/28/2010,"24,277"
6/29/2010,"33,329"
6/30/2010,"30,462"
7/1/2010,"30,719"
7/2/2010,"29,656"
7/3/2010,"27,797"
7/4/2010,"28,781"
7/5/2010,"31,834"
7/6/2010,"24,109"
7/7/2010,"22,882"
7/8/2010,"23,587"
7/9/2010,"24,493"
7/10/2010,"24,964"
7/11/2010,"23,693"
7/12/2010,"24,614"
7/13/2010,"24,128"
7/14/2010,"24,490"
7/15/2010,"24,245"
7/16/2010,"26,243"
7/17/2010,"26,434"
7/18/2010,"28,415"
7/19/2010,"28,253"
7/20/2010,"27,496"
7/21/2010,"26,980"
7/22/2010,"10,341"
7/23/2010,253
7/24/2010,165
7/25/2010,165
7/26/2010,171
7/27/2010,"25,021"
7/28/2010,"32,423"
7/29/2010,"30,291"
7/30/2010,"33,052"
7/31/2010,"31,020"
8/1/2010,"32,709"
8/2/2010,"36,517"
8/3/2010,"31,627"
8/4/2010,"33,402"
8/5/2010,"34,406"
8/6/2010,"38,173"
8/7/2010,"31,967"
8/8/2010,"33,776"
8/9/2010,"33,467"
8/10/2010,"33,263"
8/11/2010,"30,465"
8/12/2010,"31,411"
8/13/2010,"31,618"
8/14/2010,"30,055"
8/15/2010,"34,643"
8/16/2010,"32,521"
8/17/2010,"30,405"
8/18/2010,"31,447"
8/19/2010,"29,930"
8/20/2010,"30,850"
8/21/2010,"29,109"
8/22/2010,"30,965"
8/23/2010,"26,149"
8/24/2010,"25,616"
8/25/2010,"24,765"
8/26/2010,"24,495"
8/27/2010,"25,764"
8/28/2010,"24,950"
8/29/2010,"24,584"
8/30/2010,"32,288"
8/31/2010,"29,938"
9/1/2010,"25,802"
9/2/2010,"26,610"
9/3/2010,"31,475"
9/4/2010,"32,499"
9/5/2010,"35,259"
9/6/2010,"31,070"
9/7/2010,"19,128"
9/8/2010,"21,277"
9/9/2010,"23,626"
9/10/2010,"23,857"
9/11/2010,"21,688"
9/12/2010,"22,201"
9/13/2010,"21,201"
9/14/2010,"21,614"
9/15/2010,"23,256"
9/16/2010,"31,301"
9/17/2010,"27,702"
9/18/2010,"23,606"
9/19/2010,"22,424"
9/20/2010,"22,770"
9/21/2010,"21,117"
9/22/2010,"21,446"
9/23/2010,"21,997"
9/24/2010,"21,994"
9/25/2010,"21,057"
9/26/2010,"21,081"
9/27/2010,"21,953"
9/28/2010,"21,012"
9/29/2010,"19,868"
9/30/2010,"20,889"
10/1/2010,"22,404"
10/2/2010,"21,856"
10/3/2010,"22,311"
10/4/2010,"22,385"
10/5/2010,"31,825"
10/6/2010,"28,417"
10/7/2010,"28,098"
10/8/2010,"28,112"
10/9/2010,"25,707"
10/10/2010,"25,885"
10/11/2010,"28,394"
10/12/2010,"40,630"
10/13/2010,"27,453"
10/14/2010,"35,626"
10/15/2010,"31,171"
10/16/2010,"24,530"
10/17/2010,"23,498"
10/18/2010,"23,882"
10/19/2010,"20,680"
10/20/2010,"19,592"
10/21/2010,"28,925"
10/22/2010,"32,001"
10/23/2010,"27,405"
10/24/2010,"25,147"
10/25/2010,"26,142"
10/26/2010,"24,340"
10/27/2010,"23,970"
10/28/2010,"24,782"
10/29/2010,"25,646"
10/30/2010,"22,912"
10/31/2010,"18,837"
11/1/2010,"27,269"
11/2/2010,"30,692"
11/3/2010,"35,863"
11/4/2010,"46,751"
11/5/2010,"67,649"
11/6/2010,"47,373"
11/7/2010,"45,311"
11/8/2010,"44,737"
11/9/2010,"40,538"
11/10/2010,"43,873"
11/11/2010,"44,417"
11/12/2010,"42,531"
11/13/2010,"38,576"
11/14/2010,"38,721"
11/15/2010,"68,594"
11/16/2010,"35,859"
11/17/2010,"35,259"
11/18/2010,"47,834"
11/19/2010,"46,487"
11/20/2010,"40,965"
11/21/2010,"42,786"
11/22/2010,"50,160"
11/23/2010,"52,210"
11/24/2010,"59,324"
11/25/2010,"109,063"
11/26/2010,"64,205"
11/27/2010,"42,122"
11/28/2010,"34,477"
11/29/2010,"32,097"
11/30/2010,"28,430"
12/1/2010,"30,561"
12/2/2010,"31,982"
12/3/2010,"59,405"
12/4/2010,"39,308"
12/5/2010,"42,642"
12/6/2010,"36,233"
12/7/2010,"38,603"
12/8/2010,"31,922"
12/9/2010,"32,453"
12/10/2010,"35,135"
12/11/2010,"32,859"
12/12/2010,"29,680"
12/13/2010,"28,583"
12/14/2010,"27,751"
12/15/2010,"28,116"
12/16/2010,"29,386"
12/17/2010,"33,718"
12/18/2010,"33,594"
12/19/2010,"32,434"
12/20/2010,"31,138"
12/21/2010,"29,894"
12/22/2010,"28,906"
12/23/2010,"28,051"
12/24/2010,"18,996"
12/25/2010,"22,630"
12/26/2010,"35,002"
12/27/2010,"33,169"
12/28/2010,"32,721"
12/29/2010,"30,566"
12/30/2010,"29,542"
12/31/2010,"25,841"
1/1/2011,"31,384"
1/2/2011,"23,274"
1/3/2011,"18,250"
1/4/2011,"16,705"
1/5/2011,"16,748"
1/6/2011,"16,465"
1/7/2011,"17,757"
1/8/2011,"19,302"
1/9/2011,"18,279"
1/10/2011,"16,409"
1/11/2011,"16,727"
1/12/2011,"18,649"
1/13/2011,"17,145"
1/14/2011,"19,256"
1/15/2011,"21,155"
1/16/2011,"21,856"
1/17/2011,"19,477"
1/18/2011,"14,157"
1/19/2011,"14,229"
1/20/2011,"14,766"
1/21/2011,"17,576"
1/22/2011,"18,744"
1/23/2011,"17,271"
1/24/2011,"15,539"
1/25/2011,"15,425"
1/26/2011,"15,949"
1/27/2011,"17,320"
1/28/2011,"17,758"
1/29/2011,"19,505"
1/30/2011,"18,069"
1/31/2011,"14,362"
2/1/2011,"15,384"
2/2/2011,"16,785"
2/3/2011,"17,630"
2/4/2011,"20,409"
2/5/2011,"20,294"
2/6/2011,"16,241"
2/7/2011,"16,243"
2/8/2011,"20,544"
2/9/2011,"19,837"
2/10/2011,"18,804"
2/11/2011,"21,401"
2/12/2011,"22,956"
2/13/2011,"20,577"
2/14/2011,"20,866"
2/15/2011,"24,780"
2/16/2011,"21,417"
2/17/2011,"18,928"
2/18/2011,"27,039"
2/19/2011,"25,406"
2/20/2011,"24,480"
2/21/2011,"23,440"
2/22/2011,"18,301"
2/23/2011,"18,796"
2/24/2011,"18,986"
2/25/2011,"21,851"
2/26/2011,"22,048"
2/27/2011,"20,932"
2/28/2011,"15,942"
3/1/2011,"12,478"
3/2/2011,"18,803"
3/3/2011,"19,516"
3/4/2011,"23,268"
3/5/2011,"25,358"
3/6/2011,"24,273"
3/7/2011,"20,609"
3/8/2011,"19,670"
3/9/2011,"19,743"
3/10/2011,"21,131"
3/11/2011,"22,686"
3/12/2011,"18,696"
3/13/2011,"21,752"
3/14/2011,"22,775"
3/15/2011,"22,943"
3/16/2011,"24,544"
3/17/2011,"22,384"
3/18/2011,"26,224"
3/19/2011,"26,893"
3/20/2011,"26,181"
3/21/2011,"21,876"
3/22/2011,"21,835"
3/23/2011,"23,543"
3/24/2011,"24,660"
3/25/2011,"25,921"
3/26/2011,"26,639"
3/27/2011,"25,896"
3/28/2011,"22,547"
3/29/2011,"22,625"
3/30/2011,"24,580"
3/31/2011,"31,410"
4/1/2011,"32,236"
4/2/2011,"28,300"
4/3/2011,"26,443"
4/4/2011,"23,392"
4/5/2011,"24,036"
4/6/2011,"24,325"
4/7/2011,"25,052"
4/8/2011,"26,118"
4/9/2011,"25,742"
4/10/2011,"24,234"
4/11/2011,"21,624"
4/12/2011,"21,111"
4/13/2011,"21,406"
4/14/2011,"23,404"
4/15/2011,"25,210"
4/16/2011,"26,798"
4/17/2011,"26,497"
4/18/2011,"36,284"
4/19/2011,"28,629"
4/20/2011,"26,801"
4/21/2011,"28,837"
4/22/2011,"29,668"
4/23/2011,"25,332"
4/24/2011,"22,883"
4/25/2011,"22,793"
4/26/2011,"21,434"
4/27/2011,"20,531"
4/28/2011,"22,899"
4/29/2011,"21,387"
4/30/2011,"22,405"
5/1/2011,"21,327"
5/2/2011,"20,085"
5/3/2011,"19,676"
5/4/2011,"20,309"
5/5/2011,"19,957"
5/6/2011,"22,120"
5/7/2011,"20,864"
5/8/2011,"19,856"
5/9/2011,"27,519"
5/10/2011,"22,420"
5/11/2011,"21,030"
5/12/2011,"22,404"
5/13/2011,"23,777"
5/14/2011,"24,512"
5/15/2011,"24,340"
5/16/2011,"28,853"
5/17/2011,"24,131"
5/18/2011,"25,948"
5/19/2011,"23,793"
5/20/2011,"24,439"
5/21/2011,"22,665"
5/22/2011,"24,395"
5/23/2011,"39,673"
5/24/2011,"28,631"
5/25/2011,"26,773"
5/26/2011,"29,960"
5/27/2011,"33,229"
5/28/2011,"31,900"
5/29/2011,"34,586"
5/30/2011,"31,260"
5/31/2011,"22,043"
6/1/2011,"21,926"
6/2/2011,"22,013"
6/3/2011,"22,544"
6/4/2011,"22,817"
6/5/2011,"24,035"
6/6/2011,"25,206"
6/7/2011,"23,268"
6/8/2011,"22,893"
6/9/2011,"22,999"
6/10/2011,"24,298"
6/11/2011,"24,970"
6/12/2011,"26,231"
6/13/2011,"24,466"
6/14/2011,"24,712"
6/15/2011,"26,448"
6/16/2011,"27,321"
6/17/2011,"28,296"
6/18/2011,"27,927"
6/19/2011,"28,009"
6/20/2011,"27,304"
6/21/2011,"25,972"
6/22/2011,"25,594"
6/23/2011,"25,861"
6/24/2011,"26,793"
6/25/2011,"24,989"
6/26/2011,"26,152"
6/27/2011,"49,885"
6/28/2011,"34,449"
6/29/2011,"31,272"
6/30/2011,"31,809"
7/1/2011,"33,673"
7/2/2011,"32,032"
7/3/2011,"36,192"
7/4/2011,"31,770"
7/5/2011,"27,496"
7/6/2011,"28,058"
7/7/2011,"28,481"
7/8/2011,"29,936"
7/9/2011,"26,931"
7/10/2011,"28,228"
7/11/2011,"30,985"
7/12/2011,"33,531"
7/13/2011,"29,116"
7/14/2011,"29,479"
7/15/2011,"31,810"
7/16/2011,"30,936"
7/17/2011,"31,549"
7/18/2011,"34,916"
7/19/2011,"37,178"
7/20/2011,"33,790"
7/21/2011,"33,876"
7/22/2011,"34,424"
7/23/2011,"32,473"
7/24/2011,"35,609"
7/25/2011,"36,741"
7/26/2011,"36,423"
7/27/2011,"36,040"
7/28/2011,"38,407"
7/29/2011,"40,257"
7/30/2011,"35,920"
7/31/2011,"36,058"
8/1/2011,"37,064"
8/2/2011,"38,108"
8/3/2011,"40,028"
8/4/2011,"43,574"
8/5/2011,"45,437"
8/6/2011,"40,965"
8/7/2011,"42,468"
8/8/2011,"37,203"
8/9/2011,"36,154"
8/10/2011,"36,291"
8/11/2011,"41,272"
8/12/2011,"47,892"
8/13/2011,"45,402"
8/14/2011,"48,892"
8/15/2011,"44,123"
8/16/2011,"39,864"
8/17/2011,"34,714"
8/18/2011,"36,472"
8/19/2011,"39,329"
8/20/2011,"37,791"
8/21/2011,"37,659"
8/22/2011,"34,669"
8/23/2011,"30,098"
8/24/2011,"30,002"
8/25/2011,"28,167"
8/26/2011,"27,491"
8/27/2011,"26,085"
8/28/2011,"27,649"
8/29/2011,"29,503"
8/30/2011,"42,323"
8/31/2011,"46,748"
9/1/2011,"38,585"
9/2/2011,"42,860"
9/3/2011,"43,727"
9/4/2011,"47,736"
9/5/2011,"42,726"
9/6/2011,"25,060"
9/7/2011,"26,770"
9/8/2011,"26,959"
9/9/2011,"26,812"
9/10/2011,"26,054"
9/11/2011,"24,239"
9/12/2011,"22,707"
9/13/2011,"22,114"
9/14/2011,"21,016"
9/15/2011,"30,237"
9/16/2011,"38,528"
9/17/2011,"30,076"
9/18/2011,"28,383"
9/19/2011,"24,611"
9/20/2011,"23,961"
9/21/2011,"23,869"
9/22/2011,"24,276"
9/23/2011,"26,347"
9/24/2011,"26,812"
9/25/2011,"25,731"
9/26/2011,"23,250"
9/27/2011,"22,662"
9/28/2011,"23,634"
9/29/2011,"25,465"
9/30/2011,"27,181"
10/1/2011,"27,137"
10/2/2011,"26,790"
10/3/2011,"24,354"
10/4/2011,"32,114"
10/5/2011,"27,979"
10/6/2011,"28,380"
10/7/2011,"32,490"
10/8/2011,"32,317"
10/9/2011,"32,693"
10/10/2011,"30,379"
10/11/2011,"29,696"
10/12/2011,"26,598"
10/13/2011,"26,629"
10/14/2011,"28,458"
10/15/2011,"27,284"
10/16/2011,"26,480"
10/17/2011,"24,149"
10/18/2011,"23,416"
10/19/2011,"24,966"
10/20/2011,"26,562"
10/21/2011,"31,468"
10/22/2011,"35,625"
10/23/2011,"37,884"
10/24/2011,"31,837"
10/25/2011,"24,996"
10/26/2011,"24,577"
10/27/2011,"30,520"
10/28/2011,"28,267"
10/29/2011,"26,207"
10/30/2011,"26,356"
10/31/2011,"22,711"
11/1/2011,"24,534"
11/2/2011,"26,544"
11/3/2011,"30,643"
11/4/2011,"33,703"
11/5/2011,"31,547"
11/6/2011,"33,752"
11/7/2011,"31,123"
11/8/2011,"29,960"
11/9/2011,"45,978"
11/10/2011,"43,852"
11/11/2011,"42,193"
11/12/2011,"37,167"
11/13/2011,"35,898"
11/14/2011,"32,845"
11/15/2011,"43,362"
11/16/2011,"47,546"
11/17/2011,"43,424"
11/18/2011,"41,238"
11/19/2011,"41,053"
11/20/2011,"44,436"
11/21/2011,"49,532"
11/22/2011,"63,168"
11/23/2011,"63,442"
11/24/2011,"115,463"
11/25/2011,"65,203"
11/26/2011,"44,114"
11/27/2011,"36,739"
11/28/2011,"34,530"
11/29/2011,"30,271"
11/30/2011,"30,968"
12/1/2011,"32,100"
12/2/2011,"35,051"
12/3/2011,"34,645"
12/4/2011,"32,030"
12/5/2011,"29,420"
12/6/2011,"28,932"
12/7/2011,"29,526"
12/8/2011,"31,945"
12/9/2011,"37,585"
12/10/2011,"36,088"
12/11/2011,"34,099"
12/12/2011,"31,630"
12/13/2011,"29,896"
12/14/2011,"29,938"
12/15/2011,"33,036"
12/16/2011,"36,938"
12/17/2011,"37,026"
12/18/2011,"36,357"
12/19/2011,"44,784"
12/20/2011,"35,865"
12/21/2011,"32,270"
12/22/2011,"31,773"
12/23/2011,"30,000"
12/24/2011,"20,410"
12/25/2011,"28,349"
12/26/2011,"45,348"
12/27/2011,"38,119"
12/28/2011,"36,069"
12/29/2011,"33,744"
12/30/2011,"32,020"
12/31/2011,"27,183"
1/1/2012,"31,015"
1/2/2012,"26,485"
1/3/2012,"20,073"
1/4/2012,"19,472"
1/5/2012,"19,680"
1/6/2012,"21,706"
1/7/2012,"23,232"
1/8/2012,"21,202"
1/9/2012,"17,982"
1/10/2012,"17,485"
1/11/2012,"25,992"
1/12/2012,"26,350"
1/13/2012,"22,899"
1/14/2012,"24,351"
1/15/2012,"24,921"
1/16/2012,"21,157"
1/17/2012,"16,101"
1/18/2012,"15,724"
1/19/2012,"16,237"
1/20/2012,"17,290"
1/21/2012,"19,407"
1/22/2012,"18,722"
1/23/2012,"16,085"
1/24/2012,"16,140"
1/25/2012,"16,361"
1/26/2012,"18,125"
1/27/2012,"20,248"
1/28/2012,"21,659"
1/29/2012,"20,723"
1/30/2012,"17,156"
1/31/2012,"16,794"
2/1/2012,"17,065"
2/2/2012,"19,922"
2/3/2012,"22,713"
2/4/2012,"23,443"
2/5/2012,"18,852"
2/6/2012,"22,704"
2/7/2012,"31,828"
2/8/2012,"21,202"
2/9/2012,"21,106"
2/10/2012,"22,767"
2/11/2012,"24,110"
2/12/2012,"22,967"
2/13/2012,"20,162"
2/14/2012,"17,906"
2/15/2012,"21,732"
2/16/2012,"25,157"
2/17/2012,"29,898"
2/18/2012,"31,010"
2/19/2012,"33,409"
2/20/2012,"28,388"
2/21/2012,"21,553"
2/22/2012,"21,547"
2/23/2012,"22,459"
2/24/2012,"24,336"
2/25/2012,"26,292"
2/26/2012,"24,334"
2/27/2012,"22,042"
2/28/2012,"26,931"
2/29/2012,"25,245"
3/1/2012,"22,116"
3/2/2012,"24,599"
3/3/2012,"27,409"
3/4/2012,"27,232"
3/5/2012,"22,348"
3/6/2012,"22,863"
3/7/2012,"24,451"
3/8/2012,"33,844"
3/9/2012,"32,996"
3/10/2012,"30,603"
3/11/2012,"27,135"
3/12/2012,"24,976"
3/13/2012,"24,721"
3/14/2012,"23,874"
3/15/2012,"27,287"
3/16/2012,"35,563"
3/17/2012,"29,727"
3/18/2012,"31,085"
3/19/2012,"25,697"
3/20/2012,"24,240"
3/21/2012,"25,130"
3/22/2012,"25,160"
3/23/2012,"28,357"
3/24/2012,"29,992"
3/25/2012,"28,505"
3/26/2012,"31,693"
3/27/2012,"30,385"
3/28/2012,"27,451"
3/29/2012,"28,286"
3/30/2012,"29,277"
3/31/2012,"31,137"
4/1/2012,"30,555"
4/2/2012,"33,080"
4/3/2012,"41,473"
4/4/2012,"31,825"
4/5/2012,"32,372"
4/6/2012,"37,161"
4/7/2012,"30,817"
4/8/2012,"29,820"
4/9/2012,"30,987"
4/10/2012,"31,979"
4/11/2012,"29,132"
4/12/2012,"28,451"
4/13/2012,"29,619"
4/14/2012,"27,207"
4/15/2012,"25,519"
4/16/2012,"24,170"
4/17/2012,"28,996"
4/18/2012,"23,903"
4/19/2012,"24,551"
4/20/2012,"23,474"
4/21/2012,"26,903"
4/22/2012,"26,313"
4/23/2012,"22,542"
4/24/2012,"21,872"
4/25/2012,"22,535"
4/26/2012,"23,281"
4/27/2012,"24,949"
4/28/2012,"26,094"
4/29/2012,"25,527"
4/30/2012,"22,596"
5/1/2012,"24,662"
5/2/2012,"22,832"
5/3/2012,"23,735"
5/4/2012,"25,657"
5/5/2012,"24,946"
5/6/2012,"25,811"
5/7/2012,"23,685"
5/8/2012,"23,809"
5/9/2012,"24,716"
5/10/2012,"24,917"
5/11/2012,"26,617"
5/12/2012,"26,432"
5/13/2012,"24,935"
5/14/2012,"27,008"
5/15/2012,"26,749"
5/16/2012,"25,901"
5/17/2012,"26,325"
5/18/2012,"27,441"
5/19/2012,"26,019"
5/20/2012,"27,949"
5/21/2012,"29,450"
5/22/2012,"50,019"
5/23/2012,"33,168"
5/24/2012,"34,760"
5/25/2012,"37,750"
5/26/2012,"35,946"
5/27/2012,"39,795"
5/28/2012,"36,061"
5/29/2012,"25,506"
5/30/2012,"24,525"
5/31/2012,"24,353"
6/1/2012,"25,880"
6/2/2012,"25,803"
6/3/2012,"26,167"
6/4/2012,"25,409"
6/5/2012,"24,284"
6/6/2012,"25,527"
6/7/2012,"25,649"
6/8/2012,"26,499"
6/9/2012,"26,252"
6/10/2012,"27,242"
6/11/2012,"26,918"
6/12/2012,"28,373"
6/13/2012,"26,127"
6/14/2012,"28,897"
6/15/2012,"32,323"
6/16/2012,"26,721"
6/17/2012,"26,862"
6/18/2012,"29,823"
6/19/2012,"33,911"
6/20/2012,"28,869"
6/21/2012,"28,863"
6/22/2012,"33,362"
6/23/2012,"36,730"
6/24/2012,"33,158"
6/25/2012,"35,775"
6/26/2012,"31,253"
6/27/2012,"30,117"
6/28/2012,"30,792"
6/29/2012,"31,921"
6/30/2012,"30,773"
7/1/2012,"33,876"
7/2/2012,"35,407"
7/3/2012,"39,355"
7/4/2012,"38,320"
7/5/2012,"35,122"
7/6/2012,"33,843"
7/7/2012,"31,557"
7/8/2012,"31,961"
7/9/2012,"31,549"
7/10/2012,"30,901"
7/11/2012,"30,357"
7/12/2012,"31,243"
7/13/2012,"31,565"
7/14/2012,"32,351"
7/15/2012,"34,415"
7/16/2012,"32,907"
7/17/2012,"33,048"
7/18/2012,"37,934"
7/19/2012,"39,751"
7/20/2012,"36,581"
7/21/2012,"34,481"
7/22/2012,"35,540"
7/23/2012,"37,040"
7/24/2012,"38,204"
7/25/2012,"41,801"
7/26/2012,"38,693"
7/27/2012,"37,674"
7/28/2012,"36,855"
7/29/2012,"37,990"
7/30/2012,"39,543"
7/31/2012,"38,996"
8/1/2012,"42,059"
8/2/2012,"45,488"
8/3/2012,"46,537"
8/4/2012,"43,331"
8/5/2012,"45,143"
8/6/2012,"42,400"
8/7/2012,"39,387"
8/8/2012,"40,155"
8/9/2012,"41,089"
8/10/2012,"45,276"
8/11/2012,"42,002"
8/12/2012,"38,978"
8/13/2012,"38,477"
8/14/2012,"38,212"
8/15/2012,"38,961"
8/16/2012,"39,476"
8/17/2012,"42,051"
8/18/2012,"42,127"
8/19/2012,"40,705"
8/20/2012,"38,290"
8/21/2012,"35,659"
8/22/2012,"42,925"
8/23/2012,"60,633"
8/24/2012,"41,633"
8/25/2012,"37,741"
8/26/2012,"36,267"
8/27/2012,"34,967"
8/28/2012,"33,468"
8/29/2012,"33,340"
8/30/2012,"36,508"
8/31/2012,"41,987"
9/1/2012,"42,572"
9/2/2012,"47,172"
9/3/2012,"41,653"
9/4/2012,"24,541"
9/5/2012,"23,942"
9/6/2012,"24,796"
9/7/2012,"24,779"
9/8/2012,"25,312"
9/9/2012,"25,080"
9/10/2012,"22,589"
9/11/2012,"23,568"
9/12/2012,"27,019"
9/13/2012,"27,750"
9/14/2012,"27,844"
9/15/2012,"25,954"
9/16/2012,"26,469"
9/17/2012,"24,512"
9/18/2012,"24,429"
9/19/2012,"23,442"
9/20/2012,"25,584"
9/21/2012,"26,406"
9/22/2012,"26,610"
9/23/2012,"26,249"
9/24/2012,"24,283"
9/25/2012,"24,134"
9/26/2012,"24,877"
9/27/2012,"24,407"
9/28/2012,"25,457"
9/29/2012,"25,838"
9/30/2012,"26,032"
10/1/2012,"29,902"
10/2/2012,"43,128"
10/3/2012,"29,249"
10/4/2012,"29,329"
10/5/2012,"30,998"
10/6/2012,"30,428"
10/7/2012,"32,479"
10/8/2012,"33,482"
10/9/2012,"27,750"
10/10/2012,"27,742"
10/11/2012,"28,312"
10/12/2012,"30,462"
10/13/2012,"29,422"
10/14/2012,"28,930"
10/15/2012,"28,473"
10/16/2012,"27,512"
10/17/2012,"29,441"
10/18/2012,"33,556"
10/19/2012,"39,829"
10/20/2012,"32,137"
10/21/2012,"30,261"
10/22/2012,"28,350"
10/23/2012,"26,514"
10/24/2012,"26,053"
10/25/2012,"26,974"
10/26/2012,"27,794"
10/27/2012,"29,671"
10/28/2012,"26,908"
10/29/2012,"26,246"
10/30/2012,"27,677"
10/31/2012,"25,913"
11/1/2012,"28,497"
11/2/2012,"32,446"
11/3/2012,"32,064"
11/4/2012,"32,643"
11/5/2012,"30,164"
11/6/2012,"28,144"
11/7/2012,"32,162"
11/8/2012,"37,461"
11/9/2012,"40,456"
11/10/2012,"39,434"
11/11/2012,"39,621"
11/12/2012,"39,876"
11/13/2012,"38,848"
11/14/2012,"43,238"
11/15/2012,"55,525"
11/16/2012,"50,958"
11/17/2012,"48,392"
11/18/2012,"50,713"
11/19/2012,"60,937"
11/20/2012,"79,730"
11/21/2012,"66,348"
11/22/2012,"110,632"
11/23/2012,"70,522"
11/24/2012,"48,445"
11/25/2012,"40,071"
11/26/2012,"38,771"
11/27/2012,"32,418"
11/28/2012,"32,614"
11/29/2012,"35,245"
11/30/2012,"37,361"
12/1/2012,"34,786"
12/2/2012,"34,218"
12/3/2012,"30,893"
12/4/2012,"31,237"
12/5/2012,"31,342"
12/6/2012,"37,980"
12/7/2012,"37,214"
12/8/2012,"35,716"
12/9/2012,"33,725"
12/10/2012,"32,616"
12/11/2012,"30,913"
12/12/2012,"31,885"
12/13/2012,"33,274"
12/14/2012,"35,117"
12/15/2012,"35,184"
12/16/2012,"34,399"
12/17/2012,"32,386"
12/18/2012,"32,067"
12/19/2012,"32,437"
12/20/2012,"34,344"
12/21/2012,"34,967"
12/22/2012,"34,916"
12/23/2012,"34,591"
12/24/2012,"24,248"
12/25/2012,"28,494"
12/26/2012,"43,718"
12/27/2012,"39,335"
12/28/2012,"36,994"
12/29/2012,"34,608"
12/30/2012,"35,270"
12/31/2012,"27,668"
1/1/2013,"35,495"
1/2/2013,"26,414"
1/3/2013,"24,848"
1/4/2013,"33,477"
1/5/2013,"29,331"
1/6/2013,"24,449"
1/7/2013,"21,148"
1/8/2013,"29,079"
1/9/2013,"22,038"
1/10/2013,"20,971"
1/11/2013,"21,668"
1/12/2013,"22,870"
1/13/2013,"21,510"
1/14/2013,"18,585"
1/15/2013,"18,785"
1/16/2013,"18,888"
1/17/2013,"29,080"
1/18/2013,"49,417"
1/19/2013,"30,224"
1/20/2013,"28,327"
1/21/2013,"23,833"
1/22/2013,"18,687"
1/23/2013,"18,288"
1/24/2013,"18,135"
1/25/2013,"19,365"
1/26/2013,"21,763"
1/27/2013,"21,361"
1/28/2013,"18,189"
1/29/2013,"17,045"
1/30/2013,"17,588"
1/31/2013,"18,376"
2/1/2013,"28,940"
2/2/2013,"40,308"
2/3/2013,"33,320"
2/4/2013,"60,885"
2/5/2013,"45,717"
2/6/2013,"52,864"
2/7/2013,"64,826"
2/8/2013,"69,881"
2/9/2013,"61,839"
2/10/2013,"58,163"
2/11/2013,"47,114"
2/12/2013,"44,236"
2/13/2013,"43,330"
2/14/2013,"42,655"
2/15/2013,"56,855"
2/16/2013,"71,471"
2/17/2013,"74,814"
2/18/2013,"60,866"
2/19/2013,"35,878"
2/20/2013,"32,329"
2/21/2013,"33,398"
2/22/2013,"35,594"
2/23/2013,"45,165"
2/24/2013,"41,583"
2/25/2013,"28,268"
2/26/2013,"27,013"
2/27/2013,"27,040"
2/28/2013,"29,441"
3/1/2013,"35,777"
3/2/2013,"49,276"
3/3/2013,"47,648"
3/4/2013,"32,031"
3/5/2013,"31,102"
3/6/2013,"32,584"
3/7/2013,"35,373"
3/8/2013,"42,237"
3/9/2013,"56,947"
3/10/2013,"52,395"
3/11/2013,"40,410"
3/12/2013,"39,841"
3/13/2013,"38,831"
3/14/2013,"43,729"
3/15/2013,"52,996"
3/16/2013,"64,668"
3/17/2013,"58,186"
3/18/2013,"40,779"
3/19/2013,"39,096"
3/20/2013,"42,329"
3/21/2013,"42,701"
3/22/2013,"48,308"
3/23/2013,"61,500"
3/24/2013,"59,957"
3/25/2013,"59,529"
3/26/2013,"73,149"
3/27/2013,"55,213"
3/28/2013,"58,622"
3/29/2013,"69,767"
3/30/2013,"70,863"
3/31/2013,"67,465"
4/1/2013,"53,777"
4/2/2013,"50,175"
4/3/2013,"52,503"
4/4/2013,"56,243"
4/5/2013,"56,075"
4/6/2013,"62,146"
4/7/2013,"57,939"
4/8/2013,"39,451"
4/9/2013,"37,960"
4/10/2013,"38,429"
4/11/2013,"39,588"
4/12/2013,"47,584"
4/13/2013,"59,189"
4/14/2013,"56,883"
4/15/2013,"38,106"
4/16/2013,"38,641"
4/17/2013,"39,326"
4/18/2013,"41,313"
4/19/2013,"43,218"
4/20/2013,"56,878"
4/21/2013,"53,980"
4/22/2013,"36,425"
4/23/2013,"34,531"
4/24/2013,"35,176"
4/25/2013,"37,319"
4/26/2013,"44,845"
4/27/2013,"56,071"
4/28/2013,"55,050"
4/29/2013,"41,891"
4/30/2013,"41,768"
5/1/2013,"36,510"
5/2/2013,"37,205"
5/3/2013,"41,939"
5/4/2013,"61,609"
5/5/2013,"58,366"
5/6/2013,"41,605"
5/7/2013,"36,812"
5/8/2013,"36,052"
5/9/2013,"37,803"
5/10/2013,"43,171"
5/11/2013,"55,439"
5/12/2013,"50,753"
5/13/2013,"38,524"
5/14/2013,"36,032"
5/15/2013,"37,391"
5/16/2013,"38,632"
5/17/2013,"43,291"
5/18/2013,"52,292"
5/19/2013,"55,551"
5/20/2013,"52,833"
5/21/2013,"87,381"
5/22/2013,"52,625"
5/23/2013,"55,333"
5/24/2013,"65,487"
5/25/2013,"81,883"
5/26/2013,"90,786"
5/27/2013,"77,518"
5/28/2013,"43,147"
5/29/2013,"38,393"
5/30/2013,"38,779"
5/31/2013,"41,661"
6/1/2013,"47,081"
6/2/2013,"49,906"
6/3/2013,"41,042"
6/4/2013,"37,578"
6/5/2013,"37,585"
6/6/2013,"40,795"
6/7/2013,"45,603"
6/8/2013,"52,320"
6/9/2013,"55,149"
6/10/2013,"44,237"
6/11/2013,"40,701"
6/12/2013,"42,490"
6/13/2013,"55,042"
6/14/2013,"57,795"
6/15/2013,"55,632"
6/16/2013,"53,950"
6/17/2013,"46,043"
6/18/2013,"45,543"
6/19/2013,"45,291"
6/20/2013,"44,316"
6/21/2013,"49,284"
6/22/2013,"58,090"
6/23/2013,"61,005"
6/24/2013,"49,362"
6/25/2013,"48,479"
6/26/2013,"48,672"
6/27/2013,"70,477"
6/28/2013,"106,005"
6/29/2013,"76,296"
6/30/2013,"76,902"
7/1/2013,"67,829"
7/2/2013,"68,561"
7/3/2013,"71,975"
7/4/2013,"80,229"
7/5/2013,"78,984"
7/6/2013,"75,594"
7/7/2013,"72,227"
7/8/2013,"61,924"
7/9/2013,"55,012"
7/10/2013,"52,216"
7/11/2013,"55,725"
7/12/2013,"60,436"
7/13/2013,"62,894"
7/14/2013,"64,178"
7/15/2013,"53,602"
7/16/2013,"52,604"
7/17/2013,"62,386"
7/18/2013,"66,560"
7/19/2013,"67,819"
7/20/2013,"76,428"
7/21/2013,"79,595"
7/22/2013,"68,007"
7/23/2013,"65,901"
7/24/2013,"65,839"
7/25/2013,"75,378"
7/26/2013,"81,031"
7/27/2013,"83,245"
7/28/2013,"87,093"
7/29/2013,"71,606"
7/30/2013,"67,821"
7/31/2013,"75,019"
8/1/2013,"86,384"
8/2/2013,"89,545"
8/3/2013,"108,713"
8/4/2013,"98,811"
8/5/2013,"75,748"
8/6/2013,"75,159"
8/7/2013,"72,757"
8/8/2013,"73,924"
8/9/2013,"83,309"
8/10/2013,"89,865"
8/11/2013,"86,927"
8/12/2013,"69,364"
8/13/2013,"69,493"
8/14/2013,"66,701"
8/15/2013,"71,700"
8/16/2013,"73,829"
8/17/2013,"86,400"
8/18/2013,"90,823"
8/19/2013,"65,231"
8/20/2013,"58,209"
8/21/2013,"58,455"
8/22/2013,"111,178"
8/23/2013,"120,944"
8/24/2013,"103,681"
8/25/2013,"96,822"
8/26/2013,"74,966"
8/27/2013,"71,211"
8/28/2013,"61,064"
8/29/2013,"65,732"
8/30/2013,"75,542"
8/31/2013,"95,943"
9/1/2013,"109,884"
9/2/2013,"95,351"
9/3/2013,"43,830"
9/4/2013,"40,098"
9/5/2013,"42,283"
9/6/2013,"54,385"
9/7/2013,"57,981"
9/8/2013,"53,785"
9/9/2013,"38,932"
9/10/2013,"36,986"
9/11/2013,"36,569"
9/12/2013,"49,441"
9/13/2013,"65,042"
9/14/2013,"61,737"
9/15/2013,"58,421"
9/16/2013,"42,741"
9/17/2013,"42,333"
9/18/2013,"40,980"
9/19/2013,"41,854"
9/20/2013,"46,386"
9/21/2013,"59,001"
9/22/2013,"58,675"
9/23/2013,"39,943"
9/24/2013,"38,725"
9/25/2013,"39,044"
9/26/2013,"40,390"
9/27/2013,"44,950"
9/28/2013,"57,415"
9/29/2013,"55,777"
9/30/2013,"38,329"
10/1/2013,"35,313"
10/2/2013,"36,819"
10/3/2013,"38,267"
10/4/2013,"45,099"
10/5/2013,"55,884"
10/6/2013,"56,460"
10/7/2013,"42,030"
10/8/2013,"54,667"
10/9/2013,"46,563"
10/10/2013,"48,213"
10/11/2013,"55,623"
10/12/2013,"69,185"
10/13/2013,"72,268"
10/14/2013,"56,735"
10/15/2013,"40,875"
10/16/2013,"40,330"
10/17/2013,"43,393"
10/18/2013,"50,855"
10/19/2013,"62,128"
10/20/2013,"58,129"
10/21/2013,"42,014"
10/22/2013,"40,305"
10/23/2013,"42,651"
10/24/2013,"43,637"
10/25/2013,"49,682"
10/26/2013,"72,040"
10/27/2013,"64,285"
10/28/2013,"48,616"
10/29/2013,"44,086"
10/30/2013,"42,595"
10/31/2013,"39,885"
11/1/2013,"50,152"
11/2/2013,"79,253"
11/3/2013,"83,997"
11/4/2013,"57,005"
11/5/2013,"55,466"
11/6/2013,"54,271"
11/7/2013,"58,722"
11/8/2013,"71,757"
11/9/2013,"88,873"
11/10/2013,"86,885"
11/11/2013,"70,022"
11/12/2013,"67,485"
11/13/2013,"66,823"
11/14/2013,"66,181"
11/15/2013,"73,509"
11/16/2013,"81,866"
11/17/2013,"76,967"
11/18/2013,"64,732"
11/19/2013,"66,986"
11/20/2013,"70,329"
11/21/2013,"130,074"
11/22/2013,"160,732"
11/23/2013,"122,578"
11/24/2013,"118,850"
11/25/2013,"97,758"
11/26/2013,"109,646"
11/27/2013,"118,055"
11/28/2013,"237,593"
11/29/2013,"190,869"
11/30/2013,"117,177"
12/1/2013,"86,290"
12/2/2013,"64,886"
12/3/2013,"54,248"
12/4/2013,"63,418"
12/5/2013,"55,755"
12/6/2013,"64,065"
12/7/2013,"78,039"
12/8/2013,"69,415"
12/9/2013,"53,172"
12/10/2013,"51,981"
12/11/2013,"53,234"
12/12/2013,"56,045"
12/13/2013,"68,606"
12/14/2013,"80,538"
12/15/2013,"83,609"
12/16/2013,"95,548"
12/17/2013,"74,054"
12/18/2013,"63,414"
12/19/2013,"65,917"
12/20/2013,"77,251"
12/21/2013,"94,664"
12/22/2013,"96,698"
12/23/2013,"85,433"
12/24/2013,"65,188"
12/25/2013,"58,470"
12/26/2013,"99,517"
12/27/2013,"89,194"
12/28/2013,"91,272"
12/29/2013,"84,996"
12/30/2013,"70,425"
12/31/2013,"62,476"
1/1/2014,"77,003"
1/2/2014,"50,534"
1/3/2014,"52,369"
1/4/2014,"55,617"
1/5/2014,"46,506"
1/6/2014,"33,715"
1/7/2014,"32,085"
1/8/2014,"31,577"
1/9/2014,"32,630"
1/10/2014,"35,378"
1/11/2014,"46,527"
1/12/2014,"45,764"
1/13/2014,"30,509"
1/14/2014,"44,837"
1/15/2014,"66,451"
1/16/2014,"42,948"
1/17/2014,"50,912"
1/18/2014,"59,099"
1/19/2014,"59,280"
1/20/2014,"44,264"
1/21/2014,"31,058"
1/22/2014,"31,958"
1/23/2014,"29,705"
1/24/2014,"33,652"
1/25/2014,"44,298"
1/26/2014,"41,623"
1/27/2014,"32,802"
1/28/2014,"48,476"
1/29/2014,"36,473"
1/30/2014,"32,340"
1/31/2014,"34,770"
2/1/2014,"46,602"
2/2/2014,"37,596"
2/3/2014,"31,905"
2/4/2014,"38,791"
2/5/2014,"37,795"
2/6/2014,"32,810"
2/7/2014,"37,698"
2/8/2014,"53,088"
2/9/2014,"50,516"
2/10/2014,"34,234"
2/11/2014,"45,885"
2/12/2014,"69,504"
2/13/2014,"50,410"
2/14/2014,"54,982"
2/15/2014,"73,159"
2/16/2014,"77,311"
2/17/2014,"54,272"
2/18/2014,"36,605"
2/19/2014,"35,104"
2/20/2014,"37,459"
2/21/2014,"45,097"
2/22/2014,"63,981"
2/23/2014,"61,491"
2/24/2014,"36,805"
2/25/2014,"34,956"
2/26/2014,"46,568"
2/27/2014,"39,179"
2/28/2014,"44,943"
3/1/2014,"60,780"
3/2/2014,"55,209"
3/3/2014,"40,998"
3/4/2014,"38,916"
3/5/2014,"37,227"
3/6/2014,"41,485"
3/7/2014,"37,915"
3/8/2014,"72,837"
3/9/2014,"65,330"
3/10/2014,"45,421"
3/11/2014,"42,341"
3/12/2014,"43,958"
3/13/2014,"45,166"
3/14/2014,"52,820"
3/15/2014,"74,273"
3/16/2014,"73,935"
3/17/2014,"51,013"
3/18/2014,"45,656"
3/19/2014,"45,413"
3/20/2014,"47,093"
3/21/2014,"56,344"
3/22/2014,"74,469"
3/23/2014,"71,580"
3/24/2014,"49,790"
3/25/2014,"46,475"
3/26/2014,"48,749"
3/27/2014,"47,581"
3/28/2014,"57,041"
3/29/2014,"74,519"
3/30/2014,"67,588"
3/31/2014,"43,610"
4/1/2014,"42,628"
4/2/2014,"44,360"
4/3/2014,"55,942"
4/4/2014,"57,224"
4/5/2014,"73,668"
4/6/2014,"70,432"
4/7/2014,"46,397"
4/8/2014,"44,135"
4/9/2014,"43,687"
4/10/2014,"94,240"
4/11/2014,"66,553"
4/12/2014,"77,385"
4/13/2014,"75,832"
4/14/2014,"57,920"
4/15/2014,"59,408"
4/16/2014,"59,533"
4/17/2014,"62,125"
4/18/2014,"78,292"
4/19/2014,"81,050"
4/20/2014,"73,622"
4/21/2014,"48,297"
4/22/2014,"40,307"
4/23/2014,"42,750"
4/24/2014,"43,555"
4/25/2014,"49,883"
4/26/2014,"62,507"
4/27/2014,"60,944"
4/28/2014,"40,079"
4/29/2014,"38,072"
4/30/2014,"43,196"
5/1/2014,"42,851"
5/2/2014,"48,789"
5/3/2014,"60,872"
5/4/2014,"61,316"
5/5/2014,"41,132"
5/6/2014,"39,461"
5/7/2014,"40,412"
5/8/2014,"42,377"
5/9/2014,"50,574"
5/10/2014,"64,774"
5/11/2014,"60,371"
5/12/2014,"43,438"
5/13/2014,"41,687"
5/14/2014,"42,965"
5/15/2014,"44,977"
5/16/2014,"51,237"
5/17/2014,"64,367"
5/18/2014,"68,110"
5/19/2014,"60,154"
5/20/2014,"55,397"
5/21/2014,"52,007"
5/22/2014,"64,240"
5/23/2014,"71,814"
5/24/2014,"90,769"
5/25/2014,"104,280"
5/26/2014,"89,825"
5/27/2014,"47,281"
5/28/2014,"44,452"
5/29/2014,"45,595"
5/30/2014,"43,237"
5/31/2014,"62,347"
6/1/2014,"71,792"
6/2/2014,"55,701"
6/3/2014,"51,339"
6/4/2014,"51,162"
6/5/2014,"53,364"
6/6/2014,"58,851"
6/7/2014,"70,328"
6/8/2014,"74,765"
6/9/2014,"56,486"
6/10/2014,"54,888"
6/11/2014,"56,807"
6/12/2014,"58,771"
6/13/2014,"64,258"
6/14/2014,"74,919"
6/15/2014,"72,624"
6/16/2014,"55,847"
6/17/2014,"54,706"
6/18/2014,"56,447"
6/19/2014,"59,570"
6/20/2014,"64,822"
6/21/2014,"80,329"
6/22/2014,"79,563"
6/23/2014,"62,491"
6/24/2014,"53,443"
6/25/2014,"52,063"
6/26/2014,"61,535"
6/27/2014,"69,207"
6/28/2014,"80,740"
6/29/2014,"85,940"
6/30/2014,"70,967"
7/1/2014,"74,925"
7/2/2014,"74,169"
7/3/2014,"100,603"
7/4/2014,"108,894"
7/5/2014,"97,185"
7/6/2014,"94,873"
7/7/2014,"67,277"
7/8/2014,"61,693"
7/9/2014,"62,230"
7/10/2014,"66,367"
7/11/2014,"68,481"
7/12/2014,"78,456"
7/13/2014,"82,594"
7/14/2014,"67,197"
7/15/2014,"69,354"
7/16/2014,"70,963"
7/17/2014,"64,541"
7/18/2014,"73,084"
7/19/2014,"92,135"
7/20/2014,"95,543"
7/21/2014,"73,345"
7/22/2014,"69,729"
7/23/2014,"71,373"
7/24/2014,"77,274"
7/25/2014,"82,217"
7/26/2014,"93,909"
7/27/2014,"100,664"
7/28/2014,"83,697"
7/29/2014,"78,263"
7/30/2014,"80,327"
7/31/2014,"86,286"
8/1/2014,"111,377"
8/2/2014,"128,001"
8/3/2014,"126,986"
8/4/2014,"87,670"
8/5/2014,"80,938"
8/6/2014,"81,711"
8/7/2014,"83,612"
8/8/2014,"94,605"
8/9/2014,"111,770"
8/10/2014,"115,486"
8/11/2014,"89,757"
8/12/2014,"94,361"
8/13/2014,"86,567"
8/14/2014,"85,383"
8/15/2014,"93,949"
8/16/2014,"111,563"
8/17/2014,"111,306"
8/18/2014,"80,341"
8/19/2014,"79,174"
8/20/2014,"72,395"
8/21/2014,"79,153"
8/22/2014,"85,118"
8/23/2014,"101,357"
8/24/2014,"96,216"
8/25/2014,"86,836"
8/26/2014,"71,959"
8/27/2014,"70,744"
8/28/2014,"77,303"
8/29/2014,"92,772"
8/30/2014,"119,537"
8/31/2014,"142,744"
9/1/2014,"121,901"
9/2/2014,"55,692"
9/3/2014,"55,348"
9/4/2014,"61,401"
9/5/2014,"58,442"
9/6/2014,"70,873"
9/7/2014,"68,913"
9/8/2014,"53,096"
9/9/2014,"47,285"
9/10/2014,"46,583"
9/11/2014,"47,959"
9/12/2014,"55,850"
9/13/2014,"75,727"
9/14/2014,"75,098"
9/15/2014,"51,476"
9/16/2014,"55,532"
9/17/2014,"55,384"
9/18/2014,"53,020"
9/19/2014,"60,896"
9/20/2014,"77,137"
9/21/2014,"74,348"
9/22/2014,"51,947"
9/23/2014,"67,118"
9/24/2014,"61,229"
9/25/2014,"58,951"
9/26/2014,"62,923"
9/27/2014,"76,251"
9/28/2014,"74,761"
9/29/2014,"52,734"
9/30/2014,"50,521"
10/1/2014,"50,373"
10/2/2014,"55,487"
10/3/2014,"62,215"
10/4/2014,"79,320"
10/5/2014,"82,118"
10/6/2014,"60,710"
10/7/2014,"60,247"
10/8/2014,"64,305"
10/9/2014,"72,161"
10/10/2014,"81,523"
10/11/2014,"98,319"
10/12/2014,"102,544"
10/13/2014,"84,859"
10/14/2014,"72,740"
10/15/2014,"74,076"
10/16/2014,"92,349"
10/17/2014,"175,619"
10/18/2014,"147,262"
10/19/2014,"116,706"
10/20/2014,"82,111"
10/21/2014,"70,492"
10/22/2014,"60,899"
10/23/2014,"63,467"
10/24/2014,"75,436"
10/25/2014,"96,369"
10/26/2014,"88,550"
10/27/2014,"59,643"
10/28/2014,"57,726"
10/29/2014,"55,821"
10/30/2014,"56,141"
10/31/2014,"62,693"
11/1/2014,"95,989"
11/2/2014,"98,309"
11/3/2014,"65,825"
11/4/2014,"69,578"
11/5/2014,"76,146"
11/6/2014,"71,006"
11/7/2014,"86,886"
11/8/2014,"112,359"
11/9/2014,"108,655"
11/10/2014,"79,274"
11/11/2014,"76,021"
11/12/2014,"61,581"
11/13/2014,"65,510"
11/14/2014,"79,309"
11/15/2014,"106,455"
11/16/2014,"96,384"
11/17/2014,"66,375"
11/18/2014,"65,533"
11/19/2014,"106,651"
11/20/2014,"101,190"
11/21/2014,"89,155"
11/22/2014,"116,704"
11/23/2014,"116,593"
11/24/2014,"88,334"
11/25/2014,"88,219"
11/26/2014,"116,307"
11/27/2014,"234,348"
11/28/2014,"208,822"
11/29/2014,"126,362"
11/30/2014,"99,141"
12/1/2014,"66,105"
12/2/2014,"54,825"
12/3/2014,"54,566"
12/4/2014,"61,064"
12/5/2014,"73,597"
12/6/2014,"91,721"
12/7/2014,"88,391"
12/8/2014,"59,856"
12/9/2014,"57,882"
12/10/2014,"57,943"
12/11/2014,"73,016"
12/12/2014,"107,042"
12/13/2014,"107,039"
12/14/2014,"100,938"
12/15/2014,"67,758"
12/16/2014,"64,212"
12/17/2014,"69,324"
12/18/2014,"71,209"
12/19/2014,"84,641"
12/20/2014,"111,342"
12/21/2014,"116,792"
12/22/2014,"97,894"
12/23/2014,"79,810"
12/24/2014,"78,528"
12/25/2014,"81,855"
12/26/2014,"135,262"
12/27/2014,"116,734"
12/28/2014,"110,076"
12/29/2014,"86,031"
12/30/2014,"78,347"
12/31/2014,"73,104"
1/1/2015,"100,149"
1/2/2015,"76,081"
1/3/2015,"69,526"
1/4/2015,"57,781"
1/5/2015,"38,190"
1/6/2015,"40,418"
1/7/2015,"37,030"
1/8/2015,"39,336"
1/9/2015,"40,616"
1/10/2015,"55,061"
1/11/2015,"51,319"
1/12/2015,"34,247"
1/13/2015,"78,302"
1/14/2015,"45,061"
1/15/2015,"50,993"
1/16/2015,"50,402"
1/17/2015,"68,338"
1/18/2015,"67,253"
1/19/2015,"52,136"
1/20/2015,"36,977"
1/21/2015,"33,928"
1/22/2015,"35,835"
1/23/2015,"40,910"
1/24/2015,"58,381"
1/25/2015,"55,464"
1/26/2015,"36,519"
1/27/2015,"37,368"
1/28/2015,"34,664"
1/29/2015,"35,419"
1/30/2015,"41,212"
1/31/2015,"57,355"
2/1/2015,"47,410"
2/2/2015,"38,185"
2/3/2015,"38,857"
2/4/2015,"37,612"
2/5/2015,"39,192"
2/6/2015,"46,394"
2/7/2015,"65,442"
2/8/2015,"63,240"
2/9/2015,"43,186"
2/10/2015,"85,265"
2/11/2015,"59,043"
2/12/2015,"51,352"
2/13/2015,"61,599"
2/14/2015,"80,967"
2/15/2015,"85,393"
2/16/2015,"59,931"
2/17/2015,"47,336"
2/18/2015,"69,571"
2/19/2015,"60,200"
2/20/2015,"54,002"
2/21/2015,"66,553"
2/22/2015,"64,701"
2/23/2015,"42,112"
2/24/2015,"41,873"
2/25/2015,"41,121"
2/26/2015,"43,671"
2/27/2015,"50,287"
2/28/2015,"72,874"
3/1/2015,"65,600"
3/2/2015,"42,782"
3/3/2015,"111,640"
3/4/2015,"66,239"
3/5/2015,"54,073"
3/6/2015,"49,867"
3/7/2015,"79,536"
3/8/2015,"74,034"
3/9/2015,"50,016"
3/10/2015,"47,713"
3/11/2015,"51,547"
3/12/2015,"51,209"
3/13/2015,"71,372"
3/14/2015,"82,680"
3/15/2015,"80,239"
3/16/2015,"52,678"
3/17/2015,"45,555"
3/18/2015,"49,130"
3/19/2015,"56,913"
3/20/2015,"70,578"
3/21/2015,"87,536"
3/22/2015,"87,683"
3/23/2015,"56,213"
3/24/2015,"50,796"
3/25/2015,"49,978"
3/26/2015,"53,929"
3/27/2015,"63,755"
3/28/2015,"86,094"
3/29/2015,"86,714"
3/30/2015,"64,733"
3/31/2015,"59,873"
4/1/2015,"94,037"
4/2/2015,"91,703"
4/3/2015,"99,981"
4/4/2015,"110,568"
4/5/2015,"103,692"
4/6/2015,"75,311"
4/7/2015,"70,692"
4/8/2015,"64,046"
4/9/2015,"63,935"
4/10/2015,"69,409"
4/11/2015,"84,271"
4/12/2015,"73,774"
4/13/2015,"51,345"
4/14/2015,"49,466"
4/15/2015,"53,754"
4/16/2015,"75,422"
4/17/2015,"78,796"
4/18/2015,"88,105"
4/19/2015,"83,894"
4/20/2015,"57,970"
4/21/2015,"50,686"
4/22/2015,"49,909"
4/23/2015,"54,256"
4/24/2015,"62,758"
4/25/2015,"86,956"
4/26/2015,"81,382"
4/27/2015,"51,678"
4/28/2015,"53,746"
4/29/2015,"62,505"
4/30/2015,"53,755"
5/1/2015,"65,521"
5/2/2015,"74,899"
5/3/2015,"70,635"
5/4/2015,"49,057"
5/5/2015,"50,557"
5/6/2015,"56,844"
5/7/2015,"56,688"
5/8/2015,"60,323"
5/9/2015,"77,857"
5/10/2015,"70,822"
5/11/2015,"52,305"
5/12/2015,"100,085"
5/13/2015,"99,212"
5/14/2015,"66,925"
5/15/2015,"68,475"
5/16/2015,"86,470"
5/17/2015,"84,713"
5/18/2015,"59,136"
5/19/2015,"125,856"
5/20/2015,"88,881"
5/21/2015,"84,151"
5/22/2015,"85,875"
5/23/2015,"104,290"
5/24/2015,"113,570"
5/25/2015,"102,765"
5/26/2015,"55,563"
5/27/2015,"47,336"
5/28/2015,"53,271"
5/29/2015,"57,624"
5/30/2015,"72,014"
5/31/2015,"73,697"
6/1/2015,"52,402"
6/2/2015,"52,148"
6/3/2015,"61,644"
6/4/2015,"56,515"
6/5/2015,"60,925"
6/6/2015,"70,752"
6/7/2015,"68,454"
6/8/2015,"60,373"
6/9/2015,"61,921"
6/10/2015,"55,998"
6/11/2015,"55,633"
6/12/2015,"61,154"
6/13/2015,"73,500"
6/14/2015,"74,856"
6/15/2015,"62,105"
6/16/2015,"58,149"
6/17/2015,"57,494"
6/18/2015,"59,275"
6/19/2015,"58,253"
6/20/2015,"76,053"
6/21/2015,"72,132"
6/22/2015,"59,763"
6/23/2015,"59,284"
6/24/2015,"61,395"
6/25/2015,"64,626"
6/26/2015,"68,033"
6/27/2015,"84,200"
6/28/2015,"83,011"
6/29/2015,"65,708"
6/30/2015,"121,896"
7/1/2015,"100,719"
7/2/2015,"94,181"
7/3/2015,"105,980"
7/4/2015,"104,275"
7/5/2015,"92,351"
7/6/2015,"70,898"
7/7/2015,"65,416"
7/8/2015,"65,071"
7/9/2015,"65,007"
7/10/2015,"69,268"
7/11/2015,"80,303"
7/12/2015,"80,748"
7/13/2015,"69,766"
7/14/2015,"71,405"
7/15/2015,"73,655"
7/16/2015,"74,847"
7/17/2015,"81,025"
7/18/2015,"92,156"
7/19/2015,"89,566"
7/20/2015,"76,519"
7/21/2015,"79,396"
7/22/2015,"77,427"
7/23/2015,"98,358"
7/24/2015,"102,898"
7/25/2015,"109,958"
7/26/2015,"109,971"
7/27/2015,"100,892"
7/28/2015,"91,784"
7/29/2015,"97,668"
7/30/2015,"114,095"
7/31/2015,"136,390"
8/1/2015,"136,502"
8/2/2015,"129,590"
8/3/2015,"129,705"
8/4/2015,"106,918"
8/5/2015,"101,656"
8/6/2015,"105,365"
8/7/2015,"127,615"
8/8/2015,"140,101"
8/9/2015,"129,177"
8/10/2015,"101,053"
8/11/2015,"113,286"
8/12/2015,"97,597"
8/13/2015,"92,195"
8/14/2015,"100,320"
8/15/2015,"118,145"
8/16/2015,"109,953"
8/17/2015,"87,972"
8/18/2015,"85,393"
8/19/2015,"81,372"
8/20/2015,"87,018"
8/21/2015,"93,157"
8/22/2015,"105,808"
8/23/2015,"102,150"
8/24/2015,"73,018"
8/25/2015,"68,574"
8/26/2015,"65,370"
8/27/2015,"68,071"
8/28/2015,"73,551"
8/29/2015,"92,243"
8/30/2015,"85,641"
8/31/2015,"63,880"
9/1/2015,"115,300"
9/2/2015,"139,302"
9/3/2015,"81,732"
9/4/2015,"97,362"
9/5/2015,"128,896"
9/6/2015,"142,700"
9/7/2015,"124,955"
9/8/2015,"55,604"
9/9/2015,"50,367"
9/10/2015,"52,054"
9/11/2015,"56,713"
9/12/2015,"77,405"
9/13/2015,"72,562"
9/14/2015,"76,349"
9/15/2015,"108,962"
9/16/2015,"64,207"
9/17/2015,"61,769"
9/18/2015,"66,017"
9/19/2015,"83,040"
9/20/2015,"74,490"
9/21/2015,"53,266"
9/22/2015,"50,776"
9/23/2015,"58,307"
9/24/2015,"62,566"
9/25/2015,"59,689"
9/26/2015,"76,672"
9/27/2015,"66,883"
9/28/2015,"47,015"
9/29/2015,"44,703"
9/30/2015,"45,036"
10/1/2015,"74,288"
10/2/2015,"80,523"
10/3/2015,"87,656"
10/4/2015,"77,390"
10/5/2015,"58,552"
10/6/2015,"53,529"
10/7/2015,"54,200"
10/8/2015,"57,054"
10/9/2015,"70,158"
10/10/2015,"94,948"
10/11/2015,"91,925"
10/12/2015,"71,808"
10/13/2015,"50,632"
10/14/2015,"49,074"
10/15/2015,"53,016"
10/16/2015,"62,159"
10/17/2015,"82,067"
10/18/2015,"72,080"
10/19/2015,"59,294"
10/20/2015,"73,572"
10/21/2015,"55,283"
10/22/2015,"56,089"
10/23/2015,"62,541"
10/24/2015,"78,677"
10/25/2015,"70,047"
10/26/2015,"52,229"
10/27/2015,"51,670"
10/28/2015,"47,478"
10/29/2015,"51,503"
10/30/2015,"53,556"
10/31/2015,"65,461"
11/1/2015,"76,428"
11/2/2015,"60,840"
11/3/2015,"57,917"
11/4/2015,"66,315"
11/5/2015,"65,020"
11/6/2015,"76,154"
11/7/2015,"99,397"
11/8/2015,"89,026"
11/9/2015,"67,458"
11/10/2015,"68,448"
11/11/2015,"78,074"
11/12/2015,"67,979"
11/13/2015,"78,688"
11/14/2015,"102,632"
11/15/2015,"91,189"
11/16/2015,"71,169"
11/17/2015,"70,015"
11/18/2015,"72,404"
11/19/2015,"83,298"
11/20/2015,"123,598"
11/21/2015,"121,574"
11/22/2015,"116,405"
11/23/2015,"98,465"
11/24/2015,"134,203"
11/25/2015,"160,576"
11/26/2015,"237,444"
11/27/2015,"227,773"
11/28/2015,"132,110"
11/29/2015,"95,709"
11/30/2015,"66,711"
12/1/2015,"56,511"
12/2/2015,"65,929"
12/3/2015,"71,252"
12/4/2015,"78,003"
12/5/2015,"99,902"
12/6/2015,"88,691"
12/7/2015,"66,702"
12/8/2015,"63,958"
12/9/2015,"64,948"
12/10/2015,"68,852"
12/11/2015,"82,436"
12/12/2015,"107,864"
12/13/2015,"94,782"
12/14/2015,"73,646"
12/15/2015,"67,800"
12/16/2015,"68,883"
12/17/2015,"73,465"
12/18/2015,"90,381"
12/19/2015,"132,605"
12/20/2015,"117,462"
12/21/2015,"99,511"
12/22/2015,"96,028"
12/23/2015,"97,095"
12/24/2015,"77,413"
12/25/2015,"77,238"
12/26/2015,"146,671"
12/27/2015,"116,267"
12/28/2015,"104,801"
12/29/2015,"87,479"
12/30/2015,"85,272"
12/31/2015,"80,301"
1/1/2016,"107,784"
1/2/2016,"91,517"
1/3/2016,"63,985"
1/4/2016,"44,695"
1/5/2016,"39,613"
1/6/2016,"37,836"
1/7/2016,"38,918"
1/8/2016,"43,988"
1/9/2016,"58,924"
1/10/2016,"48,953"
1/11/2016,"34,778"
1/12/2016,"33,192"
1/13/2016,"34,633"
1/14/2016,"40,445"
1/15/2016,"46,898"
1/16/2016,"65,024"
1/17/2016,"61,647"
1/18/2016,"47,557"
1/19/2016,"32,161"
1/20/2016,"31,869"
1/21/2016,"31,836"
1/22/2016,"36,928"
1/23/2016,"48,052"
1/24/2016,"44,211"
1/25/2016,"32,948"
1/26/2016,"31,802"
1/27/2016,"32,005"
1/28/2016,"33,560"
1/29/2016,"40,595"
1/30/2016,"58,861"
1/31/2016,"51,285"
2/1/2016,"33,205"
2/2/2016,"32,069"
2/3/2016,"32,565"
2/4/2016,"35,530"
2/5/2016,"57,914"
2/6/2016,"71,156"
2/7/2016,"48,855"
2/8/2016,"40,776"
2/9/2016,"38,230"
2/10/2016,"40,355"
2/11/2016,"98,984"
2/12/2016,"77,438"
2/13/2016,"87,513"
2/14/2016,"75,673"
2/15/2016,"61,150"
2/16/2016,"38,782"
2/17/2016,"38,416"
2/18/2016,"41,852"
2/19/2016,"51,095"
2/20/2016,"73,764"
2/21/2016,"61,981"
2/22/2016,"39,703"
2/23/2016,"36,273"
2/24/2016,"36,773"
2/25/2016,"41,687"
2/26/2016,"49,621"
2/27/2016,"75,215"
2/28/2016,"65,286"
2/29/2016,"40,725"
3/1/2016,"36,833"
3/2/2016,"39,395"
3/3/2016,"41,666"
3/4/2016,"80,469"
3/5/2016,"83,717"
3/6/2016,"71,315"
3/7/2016,"46,737"
3/8/2016,"44,273"
3/9/2016,"45,042"
3/10/2016,"43,728"
3/11/2016,"64,138"
3/12/2016,"94,937"
3/13/2016,"76,787"
3/14/2016,"58,536"
3/15/2016,"54,347"
3/16/2016,"54,271"
3/17/2016,"61,882"
3/18/2016,"67,405"
3/19/2016,"88,016"
3/20/2016,"79,092"
3/21/2016,"58,637"
3/22/2016,"52,863"
3/23/2016,"92,928"
3/24/2016,"85,995"
3/25/2016,"95,999"
3/26/2016,"97,725"
3/27/2016,"71,468"
3/28/2016,"60,824"
3/29/2016,"54,896"
3/30/2016,"54,036"
3/31/2016,"54,457"
4/1/2016,"67,055"
4/2/2016,"81,052"
4/3/2016,"72,051"
4/4/2016,"51,345"
4/5/2016,"49,583"
4/6/2016,"53,157"
4/7/2016,"59,176"
4/8/2016,"59,903"
4/9/2016,"77,498"
4/10/2016,"69,826"
4/11/2016,"49,205"
4/12/2016,"47,683"
4/13/2016,"46,075"
4/14/2016,"48,494"
4/15/2016,"57,238"
4/16/2016,"73,128"
4/17/2016,"58,521"
4/18/2016,"40,612"
4/19/2016,"38,656"
4/20/2016,"39,095"
4/21/2016,"40,262"
4/22/2016,"49,704"
4/23/2016,"67,611"
4/24/2016,"61,046"
4/25/2016,"43,260"
4/26/2016,"48,127"
4/27/2016,"45,804"
4/28/2016,"45,236"
4/29/2016,"49,221"
4/30/2016,"65,546"
5/1/2016,"60,852"
5/2/2016,"42,205"
5/3/2016,"42,321"
5/4/2016,"47,512"
5/5/2016,"44,712"
5/6/2016,"52,545"
5/7/2016,"66,909"
5/8/2016,"57,319"
5/9/2016,"39,720"
5/10/2016,"38,839"
5/11/2016,"47,651"
5/12/2016,"43,968"
5/13/2016,"47,952"
5/14/2016,"62,148"
5/15/2016,"60,838"
5/16/2016,"42,233"
5/17/2016,"42,354"
5/18/2016,"40,525"
5/19/2016,"42,060"
5/20/2016,"53,093"
5/21/2016,"67,130"
5/22/2016,"63,255"
5/23/2016,"47,533"
5/24/2016,"116,794"
5/25/2016,"82,735"
5/26/2016,"85,985"
5/27/2016,"90,466"
5/28/2016,"99,767"
5/29/2016,"107,460"
5/30/2016,"102,482"
5/31/2016,"67,653"
6/1/2016,"53,879"
6/2/2016,"46,768"
6/3/2016,"50,811"
6/4/2016,"61,926"
6/5/2016,"62,810"
6/6/2016,"50,386"
6/7/2016,"44,067"
6/8/2016,"44,918"
6/9/2016,"47,097"
6/10/2016,"52,537"
6/11/2016,"63,822"
6/12/2016,"61,909"
6/13/2016,"51,693"
6/14/2016,"53,501"
6/15/2016,"53,640"
6/16/2016,"54,332"
6/17/2016,"58,434"
6/18/2016,"71,163"
6/19/2016,"67,202"
6/20/2016,"59,866"
6/21/2016,"60,504"
6/22/2016,"60,426"
6/23/2016,"71,118"
6/24/2016,"99,083"
6/25/2016,"96,335"
6/26/2016,"87,669"
6/27/2016,"74,910"
6/28/2016,"134,564"
6/29/2016,"89,954"
6/30/2016,"82,005"
7/1/2016,"97,273"
7/2/2016,"111,538"
7/3/2016,"125,275"
7/4/2016,"109,386"
7/5/2016,"71,481"
7/6/2016,"65,198"
7/7/2016,"64,807"
7/8/2016,"66,885"
7/9/2016,"84,150"
7/10/2016,"77,901"
7/11/2016,"62,755"
7/12/2016,"63,220"
7/13/2016,"63,470"
7/14/2016,"66,727"
7/15/2016,"72,683"
7/16/2016,"89,996"
7/17/2016,"87,106"
7/18/2016,"79,861"
7/19/2016,"72,528"
7/20/2016,"71,018"
7/21/2016,"72,453"
7/22/2016,"81,663"
7/23/2016,"96,713"
7/24/2016,"95,053"
7/25/2016,"105,773"
7/26/2016,"94,817"
7/27/2016,"91,184"
7/28/2016,"95,428"
7/29/2016,"110,947"
7/30/2016,"134,414"
7/31/2016,"126,105"
8/1/2016,"96,071"
8/2/2016,"94,767"
8/3/2016,"89,981"
8/4/2016,"93,237"
8/5/2016,"113,507"
8/6/2016,"135,627"
8/7/2016,"119,267"
8/8/2016,"80,915"
8/9/2016,"90,077"
8/10/2016,"84,929"
8/11/2016,"82,384"
8/12/2016,"91,402"
8/13/2016,"113,790"
8/14/2016,"104,508"
8/15/2016,"82,916"
8/16/2016,"80,322"
8/17/2016,"82,342"
8/18/2016,"88,587"
8/19/2016,"92,884"
8/20/2016,"108,151"
8/21/2016,"100,373"
8/22/2016,"69,766"
8/23/2016,"65,549"
8/24/2016,"60,236"
8/25/2016,"64,499"
8/26/2016,"69,474"
8/27/2016,"88,211"
8/28/2016,"79,960"
8/29/2016,"55,889"
8/30/2016,"181,814"
8/31/2016,"92,876"
9/1/2016,"77,362"
9/2/2016,"97,773"
9/3/2016,"125,146"
9/4/2016,"130,433"
9/5/2016,"117,336"
9/6/2016,"48,164"
9/7/2016,"41,908"
9/8/2016,"42,723"
9/9/2016,"48,953"
9/10/2016,"68,076"
9/11/2016,"60,610"
9/12/2016,"43,092"
9/13/2016,"41,497"
9/14/2016,"42,241"
9/15/2016,"42,738"
9/16/2016,"49,504"
9/17/2016,"67,906"
9/18/2016,"60,346"
9/19/2016,"43,434"
9/20/2016,"39,870"
9/21/2016,"39,588"
9/22/2016,"41,267"
9/23/2016,"49,350"
9/24/2016,"78,764"
9/25/2016,"64,205"
9/26/2016,"44,538"
9/27/2016,"41,639"
9/28/2016,"43,423"
9/29/2016,"44,420"
9/30/2016,"70,511"
10/1/2016,"89,671"
10/2/2016,"72,097"
10/3/2016,"63,535"
10/4/2016,"47,976"
10/5/2016,"44,785"
10/6/2016,"46,956"
10/7/2016,"54,246"
10/8/2016,"75,085"
10/9/2016,"74,780"
10/10/2016,"62,464"
10/11/2016,"44,660"
10/12/2016,"44,845"
10/13/2016,"44,608"
10/14/2016,"53,591"
10/15/2016,"71,441"
10/16/2016,"64,140"
10/17/2016,"42,376"
10/18/2016,"40,967"
10/19/2016,"53,289"
10/20/2016,"49,333"
10/21/2016,"56,234"
10/22/2016,"73,704"
10/23/2016,"63,478"
10/24/2016,"43,596"
10/25/2016,"45,013"
10/26/2016,"43,147"
10/27/2016,"48,302"
10/28/2016,"51,619"
10/29/2016,"67,429"
10/30/2016,"60,269"
10/31/2016,"40,005"
11/1/2016,"93,416"
11/2/2016,"65,085"
11/3/2016,"59,157"
11/4/2016,"68,733"
11/5/2016,"114,093"
11/6/2016,"88,286"
11/7/2016,"57,684"
11/8/2016,"52,611"
11/9/2016,"50,961"
11/10/2016,"65,677"
11/11/2016,"94,033"
11/12/2016,"104,625"
11/13/2016,"86,303"
11/14/2016,"60,749"
11/15/2016,"54,163"
11/16/2016,"57,643"
11/17/2016,"64,011"
11/18/2016,"82,680"
11/19/2016,"103,117"
11/20/2016,"102,784"
11/21/2016,"99,222"
11/22/2016,"137,277"
11/23/2016,"143,091"
11/24/2016,"265,953"
11/25/2016,"227,192"
11/26/2016,"123,139"
11/27/2016,"92,352"
11/28/2016,"59,223"
11/29/2016,"48,575"
11/30/2016,"47,716"
12/1/2016,"56,081"
12/2/2016,"70,927"
12/3/2016,"88,119"
12/4/2016,"76,183"
12/5/2016,"53,547"
12/6/2016,"53,906"
12/7/2016,"52,765"
12/8/2016,"65,165"
12/9/2016,"70,362"
12/10/2016,"91,703"
12/11/2016,"80,160"
12/12/2016,"57,519"
12/13/2016,"55,047"
12/14/2016,"55,738"
12/15/2016,"103,137"
12/16/2016,"85,828"
12/17/2016,"100,466"
12/18/2016,"97,688"
12/19/2016,"77,750"
12/20/2016,"74,453"
12/21/2016,"87,414"
12/22/2016,"83,896"
12/23/2016,"94,513"
12/24/2016,"68,539"
12/25/2016,"60,385"
12/26/2016,"123,736"
12/27/2016,"91,735"
12/28/2016,"83,058"
12/29/2016,"76,712"
12/30/2016,"80,396"
12/31/2016,"73,246"
1/1/2017,"75,608"
1/2/2017,"64,722"
1/3/2017,"39,441"
1/4/2017,"36,731"
1/5/2017,"34,311"
1/6/2017,"36,997"
1/7/2017,"48,626"
1/8/2017,"45,790"
1/9/2017,"30,723"
1/10/2017,"28,404"
1/11/2017,"34,379"
1/12/2017,"32,956"
1/13/2017,"38,587"
1/14/2017,"56,963"
1/15/2017,"56,386"
1/16/2017,"42,809"
1/17/2017,"27,854"
1/18/2017,"27,339"
1/19/2017,"55,933"
1/20/2017,"40,916"
1/21/2017,"51,825"
1/22/2017,"42,908"
1/23/2017,"28,870"
1/24/2017,"27,131"
1/25/2017,"27,615"
1/26/2017,"28,838"
1/27/2017,"33,889"
1/28/2017,"49,513"
1/29/2017,"43,695"
1/30/2017,"28,367"
1/31/2017,"25,940"
2/1/2017,"27,196"
2/2/2017,"29,447"
2/3/2017,"34,906"
2/4/2017,"51,288"
2/5/2017,"38,449"
2/6/2017,"28,699"
2/7/2017,"48,628"
2/8/2017,"42,618"
2/9/2017,"34,631"
2/10/2017,"39,151"
2/11/2017,"55,545"
2/12/2017,"47,289"
2/13/2017,"33,529"
2/14/2017,"29,648"
2/15/2017,"72,630"
2/16/2017,"50,993"
2/17/2017,"54,925"
2/18/2017,"78,159"
2/19/2017,"78,880"
2/20/2017,"60,075"
2/21/2017,"36,750"
2/22/2017,"36,688"
2/23/2017,"40,060"
2/24/2017,"47,526"
2/25/2017,"68,079"
2/26/2017,"60,599"
2/27/2017,"35,907"
2/28/2017,"33,604"
3/1/2017,"34,066"
3/2/2017,"43,571"
3/3/2017,"46,073"
3/4/2017,"67,677"
3/5/2017,"59,809"
3/6/2017,"37,595"
3/7/2017,"45,183"
3/8/2017,"43,556"
3/9/2017,"46,940"
3/10/2017,"48,118"
3/11/2017,"67,444"
3/12/2017,"60,465"
3/13/2017,"49,516"
3/14/2017,"44,964"
3/15/2017,"44,200"
3/16/2017,"44,738"
3/17/2017,"53,706"
3/18/2017,"74,609"
3/19/2017,"67,413"
3/20/2017,"51,627"
3/21/2017,"47,160"
3/22/2017,"46,701"
3/23/2017,"48,930"
3/24/2017,"60,788"
3/25/2017,"81,360"
3/26/2017,"70,221"
3/27/2017,"50,305"
3/28/2017,"48,539"
3/29/2017,"46,747"
3/30/2017,"51,608"
3/31/2017,"57,000"
4/1/2017,"76,508"
4/2/2017,"69,744"
4/3/2017,"53,183"
4/4/2017,"46,891"
4/5/2017,"53,612"
4/6/2017,"53,160"
4/7/2017,"59,984"
4/8/2017,"80,852"
4/9/2017,"72,042"
4/10/2017,"56,239"
4/11/2017,"86,969"
4/12/2017,"67,248"
4/13/2017,"69,753"
4/14/2017,"87,554"
4/15/2017,"91,414"
4/16/2017,"73,025"
4/17/2017,"53,221"
4/18/2017,"43,598"
4/19/2017,"43,431"
4/20/2017,"53,898"
4/21/2017,"59,279"
4/22/2017,"75,159"
4/23/2017,"64,773"
4/24/2017,"41,298"
4/25/2017,"36,966"
4/26/2017,"37,109"
4/27/2017,"39,603"
4/28/2017,"48,255"
4/29/2017,"66,990"
4/30/2017,"60,891"
5/1/2017,"61,239"
5/2/2017,"48,631"
5/3/2017,"46,748"
5/4/2017,"46,711"
5/5/2017,"49,090"
5/6/2017,"69,414"
5/7/2017,"62,344"
5/8/2017,"41,774"
5/9/2017,"42,279"
5/10/2017,"40,093"
5/11/2017,"42,888"
5/12/2017,"56,058"
5/13/2017,"75,021"
5/14/2017,"60,552"
5/15/2017,"48,206"
5/16/2017,"51,738"
5/17/2017,"42,376"
5/18/2017,"44,651"
5/19/2017,"53,057"
5/20/2017,"71,769"
5/21/2017,"71,330"
5/22/2017,"53,970"
5/23/2017,"75,579"
5/24/2017,"87,480"
5/25/2017,"89,094"
5/26/2017,"73,510"
5/27/2017,"94,379"
5/28/2017,"105,093"
5/29/2017,"91,277"
5/30/2017,"47,530"
5/31/2017,"47,725"
6/1/2017,"43,973"
6/2/2017,"48,915"
6/3/2017,"62,203"
6/4/2017,"60,248"
6/5/2017,"48,240"
6/6/2017,"75,190"
6/7/2017,"62,594"
6/8/2017,"49,125"
6/9/2017,"51,797"
6/10/2017,"64,509"
6/11/2017,"60,812"
6/12/2017,"50,430"
6/13/2017,"47,957"
6/14/2017,"70,466"
6/15/2017,"63,902"
6/16/2017,"62,347"
6/17/2017,"75,159"
6/18/2017,"64,293"
6/19/2017,"54,446"
6/20/2017,"53,481"
6/21/2017,"54,920"
6/22/2017,"52,197"
6/23/2017,"65,355"
6/24/2017,"76,801"
6/25/2017,"72,051"
6/26/2017,"107,375"
6/27/2017,"72,737"
6/28/2017,"63,213"
6/29/2017,"68,930"
6/30/2017,"81,956"
7/1/2017,"103,379"
7/2/2017,"102,262"
7/3/2017,"104,530"
7/4/2017,"89,104"
7/5/2017,"63,891"
7/6/2017,"63,170"
7/7/2017,"64,392"
7/8/2017,"74,468"
7/9/2017,"69,577"
7/10/2017,"58,184"
7/11/2017,"55,251"
7/12/2017,"57,357"
7/13/2017,"60,021"
7/14/2017,"65,656"
7/15/2017,"77,932"
7/16/2017,"75,370"
7/17/2017,"66,293"
7/18/2017,"60,081"
7/19/2017,"59,796"
7/20/2017,"62,559"
7/21/2017,"83,079"
7/22/2017,"97,573"
7/23/2017,"93,044"
7/24/2017,"80,412"
7/25/2017,"74,494"
7/26/2017,"76,602"
7/27/2017,"77,397"
7/28/2017,"90,814"
7/29/2017,"115,214"
7/30/2017,"95,329"
7/31/2017,"75,138"
8/1/2017,"79,118"
8/2/2017,"79,137"
8/3/2017,"89,017"
8/4/2017,"106,408"
8/5/2017,"127,120"
8/6/2017,"111,655"
8/7/2017,"90,073"
8/8/2017,"81,509"
8/9/2017,"78,438"
8/10/2017,"71,084"
8/11/2017,"103,132"
8/12/2017,"122,165"
8/13/2017,"98,899"
8/14/2017,"78,446"
8/15/2017,"82,415"
8/16/2017,"79,216"
8/17/2017,"74,892"
8/18/2017,"84,835"
8/19/2017,"97,808"
8/20/2017,"86,575"
8/21/2017,"56,092"
8/22/2017,"57,980"
8/23/2017,"59,954"
8/24/2017,"60,272"
8/25/2017,"62,858"
8/26/2017,"75,219"
8/27/2017,"69,749"
8/28/2017,"57,732"
8/29/2017,"115,154"
8/30/2017,"69,593"
8/31/2017,"74,208"
9/1/2017,"93,584"
9/2/2017,"126,670"
9/3/2017,"127,330"
9/4/2017,"107,019"
9/5/2017,"42,039"
9/6/2017,"40,663"
9/7/2017,"37,893"
9/8/2017,"41,077"
9/9/2017,"56,828"
9/10/2017,"50,404"
9/11/2017,"42,092"
9/12/2017,"38,225"
9/13/2017,"37,113"
9/14/2017,"42,165"
9/15/2017,"44,099"
9/16/2017,"59,773"
9/17/2017,"53,446"
9/18/2017,"35,871"
9/19/2017,"34,241"
9/20/2017,"33,980"
9/21/2017,"37,428"
9/22/2017,"44,319"
9/23/2017,"57,662"
9/24/2017,"50,983"
9/25/2017,"34,974"
9/26/2017,"34,263"
9/27/2017,"33,485"
9/28/2017,"34,349"
9/29/2017,"60,504"
9/30/2017,"83,097"
10/1/2017,"65,697"
10/2/2017,"41,244"
10/3/2017,"46,310"
10/4/2017,"44,086"
10/5/2017,"50,111"
10/6/2017,"56,153"
10/7/2017,"74,255"
10/8/2017,"73,614"
10/9/2017,"56,462"
10/10/2017,"47,942"
10/11/2017,"44,363"
10/12/2017,"51,451"
10/13/2017,"53,232"
10/14/2017,"66,794"
10/15/2017,"60,312"
10/16/2017,"42,311"
10/17/2017,"39,804"
10/18/2017,"41,464"
10/19/2017,"45,406"
10/20/2017,"52,602"
10/21/2017,"68,472"
10/22/2017,"61,302"
10/23/2017,"42,676"
10/24/2017,"39,743"
10/25/2017,"50,852"
10/26/2017,"50,752"
10/27/2017,"66,173"
10/28/2017,"75,330"
10/29/2017,"65,799"
10/30/2017,"42,876"
10/31/2017,"35,904"
11/1/2017,"49,935"
11/2/2017,"52,839"
11/3/2017,"61,210"
11/4/2017,"87,108"
11/5/2017,"79,107"
11/6/2017,"50,665"
11/7/2017,"58,531"
11/8/2017,"58,558"
11/9/2017,"62,669"
11/10/2017,"81,103"
11/11/2017,"102,004"
11/12/2017,"83,709"
11/13/2017,"69,760"
11/14/2017,"53,621"
11/15/2017,"51,875"
11/16/2017,"56,929"
11/17/2017,"74,733"
11/18/2017,"92,973"
11/19/2017,"89,493"
11/20/2017,"106,953"
11/21/2017,"112,133"
11/22/2017,"121,049"
11/23/2017,"240,650"
11/24/2017,"222,744"
11/25/2017,"119,878"
11/26/2017,"83,656"
11/27/2017,"53,831"
11/28/2017,"42,975"
11/29/2017,"41,468"
11/30/2017,"48,981"
12/1/2017,"108,313"
12/2/2017,"93,352"
12/3/2017,"74,601"
12/4/2017,"52,120"
12/5/2017,"47,928"
12/6/2017,"64,181"
12/7/2017,"68,537"
12/8/2017,"67,973"
12/9/2017,"85,963"
12/10/2017,"79,633"
12/11/2017,"64,715"
12/12/2017,"49,212"
12/13/2017,"50,691"
12/14/2017,"78,901"
12/15/2017,"73,462"
12/16/2017,"97,788"
12/17/2017,"88,543"
12/18/2017,"67,626"
12/19/2017,"63,196"
12/20/2017,"90,062"
12/21/2017,"78,661"
12/22/2017,"93,501"
12/23/2017,"93,455"
12/24/2017,"60,545"
12/25/2017,"51,491"
12/26/2017,"100,472"
12/27/2017,"81,838"
12/28/2017,"76,817"
12/29/2017,"75,242"
12/30/2017,"76,557"
12/31/2017,"47,322"
1/1/2018,"56,666"
1/2/2018,"39,333"
1/3/2018,"40,174"
1/4/2018,"41,822"
1/5/2018,"40,511"
1/6/2018,"48,423"
1/7/2018,"40,330"
1/8/2018,"26,240"
1/9/2018,"25,405"
1/10/2018,"27,450"
1/11/2018,"36,412"
1/12/2018,"36,815"
1/13/2018,"53,272"
1/14/2018,"51,433"
1/15/2018,"38,250"
1/16/2018,"25,241"
1/17/2018,"26,182"
1/18/2018,"27,835"
1/19/2018,"32,772"
1/20/2018,"49,138"
1/21/2018,"39,842"
1/22/2018,"25,233"
1/23/2018,"23,847"
1/24/2018,"25,084"
1/25/2018,"26,644"
1/26/2018,"32,723"
1/27/2018,"48,228"
1/28/2018,"41,867"
1/29/2018,"25,273"
1/30/2018,"25,347"
1/31/2018,"24,585"
2/1/2018,"32,962"
2/2/2018,"39,296"
2/3/2018,"48,950"
2/4/2018,"34,891"
2/5/2018,"25,790"
2/6/2018,"26,212"
2/7/2018,"27,427"
2/8/2018,"28,743"
2/9/2018,"33,571"
2/10/2018,"48,462"
2/11/2018,"42,067"
2/12/2018,"31,751"
2/13/2018,"62,407"
2/14/2018,"54,341"
2/15/2018,"41,360"
2/16/2018,"52,064"
2/17/2018,"71,822"
2/18/2018,"69,759"
2/19/2018,"53,541"
2/20/2018,"34,083"
2/21/2018,"33,364"
2/22/2018,"35,888"
2/23/2018,"43,884"
2/24/2018,"65,271"
2/25/2018,"55,424"
2/26/2018,"33,982"
2/27/2018,"31,101"
2/28/2018,"31,504"
3/1/2018,"33,940"
3/2/2018,"45,106"
3/3/2018,"65,974"
3/4/2018,"56,172"
3/5/2018,"33,303"
3/6/2018,"32,682"
3/7/2018,"36,242"
3/8/2018,"41,989"
3/9/2018,"56,262"
3/10/2018,"78,016"
3/11/2018,"65,099"
3/12/2018,"48,410"
3/13/2018,"45,399"
3/14/2018,"44,787"
3/15/2018,"46,732"
3/16/2018,"56,188"
3/17/2018,"76,271"
3/18/2018,"69,090"
3/19/2018,"53,066"
3/20/2018,"56,372"
3/21/2018,"49,462"
3/22/2018,"46,510"
3/23/2018,"58,183"
3/24/2018,"78,979"
3/25/2018,"69,419"
3/26/2018,"50,949"
3/27/2018,"67,347"
3/28/2018,"60,473"
3/29/2018,"61,058"
3/30/2018,"80,243"
3/31/2018,"87,257"
4/1/2018,"71,340"
4/2/2018,"56,593"
4/3/2018,"51,110"
4/4/2018,"60,774"
4/5/2018,"55,417"
4/6/2018,"58,697"
4/7/2018,"55,002"
4/8/2018,"61,731"
4/9/2018,"39,131"
4/10/2018,"39,888"
4/11/2018,"40,201"
4/12/2018,"40,559"
4/13/2018,"47,756"
4/14/2018,"66,929"
4/15/2018,"57,162"
4/16/2018,"34,666"
4/17/2018,"36,287"
4/18/2018,"44,962"
4/19/2018,"39,207"
4/20/2018,"50,448"
4/21/2018,"63,436"
4/22/2018,"55,225"
4/23/2018,"37,322"
4/24/2018,"32,890"
4/25/2018,"32,692"
4/26/2018,"44,738"
4/27/2018,"48,356"
4/28/2018,"63,892"
4/29/2018,"57,185"
4/30/2018,"37,628"
5/1/2018,"33,666"
5/2/2018,"38,131"
5/3/2018,"41,830"
5/4/2018,"48,814"
5/5/2018,"59,215"
5/6/2018,"54,646"
5/7/2018,"34,731"
5/8/2018,"38,482"
5/9/2018,"41,393"
5/10/2018,"41,703"
5/11/2018,"48,879"
5/12/2018,"64,656"
5/13/2018,"54,789"
5/14/2018,"37,044"
5/15/2018,"45,900"
5/16/2018,"40,946"
5/17/2018,"41,666"
5/18/2018,"46,964"
5/19/2018,"62,896"
5/20/2018,"60,690"
5/21/2018,"45,154"
5/22/2018,"90,431"
5/23/2018,"61,708"
5/24/2018,"55,882"
5/25/2018,"80,029"
5/26/2018,"85,918"
5/27/2018,"96,945"
5/28/2018,"92,085"
5/29/2018,"45,240"
5/30/2018,"42,045"
5/31/2018,"42,851"
6/1/2018,"53,248"
6/2/2018,"63,301"
6/3/2018,"58,961"
6/4/2018,"46,406"
6/5/2018,"44,193"
6/6/2018,"41,962"
6/7/2018,"43,002"
6/8/2018,"66,007"
6/9/2018,"72,656"
6/10/2018,"62,662"
6/11/2018,"48,523"
6/12/2018,"49,097"
6/13/2018,"45,102"
6/14/2018,"50,001"
6/15/2018,"67,499"
6/16/2018,"67,562"
6/17/2018,"55,828"
6/18/2018,"46,103"
6/19/2018,"46,826"
6/20/2018,"46,393"
6/21/2018,"75,733"
6/22/2018,"72,641"
6/23/2018,"78,062"
6/24/2018,"66,389"
6/25/2018,"58,668"
6/26/2018,"55,990"
6/27/2018,"88,767"
6/28/2018,"82,013"
6/29/2018,"73,932"
6/30/2018,"83,355"
7/1/2018,"79,740"
7/2/2018,"71,082"
7/3/2018,"79,724"
7/4/2018,"95,419"
7/5/2018,"72,852"
7/6/2018,"77,372"
7/7/2018,"82,209"
7/8/2018,"70,828"
7/9/2018,"52,251"
7/10/2018,"51,674"
7/11/2018,"86,129"
7/12/2018,"67,878"
7/13/2018,"66,415"
7/14/2018,"77,875"
7/15/2018,"72,414"
7/16/2018,"59,530"
7/17/2018,"61,775"
7/18/2018,"59,247"
7/19/2018,"63,184"
7/20/2018,"98,380"
7/21/2018,"101,118"
7/22/2018,"91,637"
7/23/2018,"76,811"
7/24/2018,"73,167"
7/25/2018,"77,759"
7/26/2018,"76,399"
7/27/2018,"84,509"
7/28/2018,"99,439"
7/29/2018,"92,940"
7/30/2018,"82,571"
7/31/2018,"76,267"
8/1/2018,"79,277"
8/2/2018,"78,198"
8/3/2018,"99,259"
8/4/2018,"118,679"
8/5/2018,"99,133"
8/6/2018,"74,381"
8/7/2018,"75,379"
8/8/2018,"77,265"
8/9/2018,"88,568"
8/10/2018,"96,536"
8/11/2018,"114,457"
8/12/2018,"100,772"
8/13/2018,"82,842"
8/14/2018,"68,799"
8/15/2018,"67,699"
8/16/2018,"79,358"
8/17/2018,"88,090"
8/18/2018,"103,582"
8/19/2018,"94,433"
8/20/2018,"60,625"
8/21/2018,"55,633"
8/22/2018,"54,250"
8/23/2018,"69,844"
8/24/2018,"69,817"
8/25/2018,"82,174"
8/26/2018,"73,042"
8/27/2018,"51,745"
8/28/2018,"92,263"
8/29/2018,"77,969"
8/30/2018,"63,016"
8/31/2018,"94,811"
9/1/2018,"103,953"
9/2/2018,"109,017"
9/3/2018,"96,419"
9/4/2018,"39,411"
9/5/2018,"42,560"
9/6/2018,"37,955"
9/7/2018,"42,968"
9/8/2018,"58,852"
9/9/2018,"52,680"
9/10/2018,"35,652"
9/11/2018,"31,701"
9/12/2018,"30,460"
9/13/2018,"32,334"
9/14/2018,"58,523"
9/15/2018,"62,952"
9/16/2018,"50,503"
9/17/2018,"34,630"
9/18/2018,"33,430"
9/19/2018,"33,984"
9/20/2018,"34,967"
9/21/2018,"42,537"
9/22/2018,"58,351"
9/23/2018,"53,694"
9/24/2018,"35,521"
9/25/2018,"33,346"
9/26/2018,"61,400"
9/27/2018,"53,587"
9/28/2018,"51,313"
9/29/2018,"70,592"
9/30/2018,"59,593"
10/1/2018,"39,525"
10/2/2018,"41,852"
10/3/2018,"40,074"
10/4/2018,"42,341"
10/5/2018,"76,804"
10/6/2018,"81,175"
10/7/2018,"73,515"
10/8/2018,"57,082"
10/9/2018,"40,281"
10/10/2018,"49,324"
10/11/2018,"49,163"
10/12/2018,"52,431"
10/13/2018,"68,438"
10/14/2018,"59,912"
10/15/2018,"41,258"
10/16/2018,"43,444"
10/17/2018,"46,248"
10/18/2018,"48,290"
10/19/2018,"60,165"
10/20/2018,"76,689"
10/21/2018,"64,247"
10/22/2018,"40,564"
10/23/2018,"37,894"
10/24/2018,"39,105"
10/25/2018,"43,856"
10/26/2018,"52,479"
10/27/2018,"65,743"
10/28/2018,"55,795"
10/29/2018,"37,499"
10/30/2018,"38,487"
10/31/2018,"37,071"
11/1/2018,"56,329"
11/2/2018,"57,134"
11/3/2018,"76,165"
11/4/2018,"69,457"
11/5/2018,"48,127"
11/6/2018,"47,617"
11/7/2018,"53,249"
11/8/2018,"55,893"
11/9/2018,"67,872"
11/10/2018,"93,821"
11/11/2018,"87,396"
11/12/2018,"70,321"
11/13/2018,"51,951"
11/14/2018,"57,613"
11/15/2018,"59,703"
11/16/2018,"70,408"
11/17/2018,"97,914"
11/18/2018,"95,421"
11/19/2018,"120,144"
11/20/2018,"112,832"
11/21/2018,"116,576"
11/22/2018,"247,306"
11/23/2018,"222,489"
11/24/2018,"110,062"
11/25/2018,"76,771"
11/26/2018,"53,981"
11/27/2018,"40,149"
11/28/2018,"73,486"
11/29/2018,"73,721"
11/30/2018,"63,858"
12/1/2018,"81,204"
12/2/2018,"68,114"
12/3/2018,"88,518"
12/4/2018,"72,272"
12/5/2018,"83,554"
12/6/2018,"64,640"
12/7/2018,"65,175"
12/8/2018,"84,741"
12/9/2018,"70,390"
12/10/2018,"79,743"
12/11/2018,"60,756"
12/12/2018,"69,257"
12/13/2018,"63,047"
12/14/2018,"71,342"
12/15/2018,"99,705"
12/16/2018,"87,902"
12/17/2018,"63,156"
12/18/2018,"79,403"
12/19/2018,"68,286"
12/20/2018,"90,590"
12/21/2018,"96,256"
12/22/2018,"106,323"
12/23/2018,"101,321"
12/24/2018,"61,727"
12/25/2018,"48,636"
12/26/2018,"92,345"
12/27/2018,"79,063"
12/28/2018,"131,196"
12/29/2018,"108,851"
12/30/2018,"86,446"
12/31/2018,"62,133"
1/1/2019,"86,988"
1/2/2019,"51,704"
1/3/2019,"46,336"
1/4/2019,"48,077"
1/5/2019,"59,515"
1/6/2019,"47,622"
1/7/2019,"34,392"
1/8/2019,"28,119"
1/9/2019,"27,352"
1/10/2019,"53,131"
1/11/2019,"43,527"
1/12/2019,"48,692"
1/13/2019,"41,927"
1/14/2019,"27,834"
1/15/2019,"26,084"
1/16/2019,"34,961"
1/17/2019,"51,221"
1/18/2019,"44,121"
1/19/2019,"51,308"
1/20/2019,"47,217"
1/21/2019,"36,502"
1/22/2019,"38,937"
1/23/2019,"27,174"
1/24/2019,"26,939"
1/25/2019,"36,210"
1/26/2019,"48,197"
1/27/2019,"40,121"
1/28/2019,"25,174"
1/29/2019,"24,756"
1/30/2019,"24,773"
1/31/2019,"27,265"
2/1/2019,"31,911"
2/2/2019,"46,690"
2/3/2019,"36,003"
2/4/2019,"25,906"
2/5/2019,"25,896"
2/6/2019,"26,595"
2/7/2019,"44,021"
2/8/2019,"37,458"
2/9/2019,"52,389"
2/10/2019,"44,126"
2/11/2019,"29,097"
2/12/2019,"57,061"
2/13/2019,"46,806"
2/14/2019,"36,352"
2/15/2019,"45,454"
2/16/2019,"69,012"
2/17/2019,"63,512"
2/18/2019,"46,525"
2/19/2019,"29,832"
2/20/2019,"29,508"
2/21/2019,"43,062"
2/22/2019,"53,842"
2/23/2019,"63,263"
2/24/2019,"48,856"
2/25/2019,"30,137"
2/26/2019,"28,430"
2/27/2019,"28,983"
2/28/2019,"44,703"
3/1/2019,"45,500"
3/2/2019,"61,396"
3/3/2019,"50,486"
3/4/2019,"34,035"
3/5/2019,"31,375"
3/6/2019,"46,824"
3/7/2019,"52,415"
3/8/2019,"67,897"
3/9/2019,"72,960"
3/10/2019,"55,892"
3/11/2019,"43,060"
3/12/2019,"43,343"
3/13/2019,"42,622"
3/14/2019,"69,856"
3/15/2019,"65,372"
3/16/2019,"82,594"
3/17/2019,"70,003"
3/18/2019,"49,478"
3/19/2019,"47,845"
3/20/2019,"46,969"
3/21/2019,"63,277"
3/22/2019,"67,146"
3/23/2019,"81,931"
3/24/2019,"69,580"
3/25/2019,"49,798"
3/26/2019,"48,339"
3/27/2019,"46,217"
3/28/2019,"65,797"
3/29/2019,"59,232"
3/30/2019,"77,797"
3/31/2019,"69,168"
4/1/2019,"48,566"
4/2/2019,"44,010"
4/3/2019,"45,659"
4/4/2019,"69,963"
4/5/2019,"61,122"
4/6/2019,"72,924"
4/7/2019,"62,255"
4/8/2019,"41,607"
4/9/2019,"43,698"
4/10/2019,"39,058"
4/11/2019,"92,491"
4/12/2019,"61,966"
4/13/2019,"76,797"
4/14/2019,"69,165"
4/15/2019,"63,983"
4/16/2019,"66,829"
4/17/2019,"58,716"
4/18/2019,"63,545"
4/19/2019,"87,838"
4/20/2019,"95,859"
4/21/2019,"79,260"
4/22/2019,"55,491"
4/23/2019,"45,257"
4/24/2019,"53,815"
4/25/2019,"55,772"
4/26/2019,"88,522"
4/27/2019,"76,228"
4/28/2019,"62,287"
4/29/2019,"35,267"
4/30/2019,"32,793"
5/1/2019,"43,998"
5/2/2019,"40,588"
5/3/2019,"52,771"
5/4/2019,"62,266"
5/5/2019,"52,985"
5/6/2019,"36,992"
5/7/2019,"40,984"
5/8/2019,"50,541"
5/9/2019,"51,249"
5/10/2019,"49,436"
5/11/2019,"63,565"
5/12/2019,"52,693"
5/13/2019,"35,902"
5/14/2019,"41,568"
5/15/2019,"54,276"
5/16/2019,"45,660"
5/17/2019,"47,259"
5/18/2019,"61,187"
5/19/2019,"61,978"
5/20/2019,"46,142"
5/21/2019,"62,747"
5/22/2019,"52,137"
5/23/2019,"63,214"
5/24/2019,"77,925"
5/25/2019,"91,295"
5/26/2019,"92,747"
5/27/2019,"83,400"
5/28/2019,"46,416"
5/29/2019,"42,484"
5/30/2019,"41,716"
5/31/2019,"45,492"
6/1/2019,"57,768"
6/2/2019,"57,673"
6/3/2019,"40,353"
6/4/2019,"45,058"
6/5/2019,"50,246"
6/6/2019,"46,145"
6/7/2019,"48,520"
6/8/2019,"61,716"
6/9/2019,"62,081"
6/10/2019,"45,771"
6/11/2019,"46,192"
6/12/2019,"79,216"
6/13/2019,"63,889"
6/14/2019,"64,561"
6/15/2019,"71,025"
6/16/2019,"61,443"
6/17/2019,"46,539"
6/18/2019,"47,070"
6/19/2019,"47,481"
6/20/2019,"191,168"
6/21/2019,"139,871"
6/22/2019,"98,342"
6/23/2019,"87,574"
6/24/2019,"73,924"
6/25/2019,"110,580"
6/26/2019,"72,062"
6/27/2019,"95,465"
6/28/2019,"82,783"
6/29/2019,"92,333"
6/30/2019,"92,193"
7/1/2019,"92,108"
7/2/2019,"84,493"
7/3/2019,"98,640"
7/4/2019,"101,576"
7/5/2019,"95,265"
7/6/2019,"93,508"
7/7/2019,"76,601"
7/8/2019,"59,966"
7/9/2019,"55,854"
7/10/2019,"56,221"
7/11/2019,"76,584"
7/12/2019,"86,130"
7/13/2019,"76,771"
7/14/2019,"71,189"
7/15/2019,"56,477"
7/16/2019,"56,141"
7/17/2019,"57,565"
7/18/2019,"62,319"
7/19/2019,"93,664"
7/20/2019,"94,596"
7/21/2019,"87,760"
7/22/2019,"75,575"
7/23/2019,"78,865"
7/24/2019,"71,674"
7/25/2019,"80,992"
7/26/2019,"88,698"
7/27/2019,"103,064"
7/28/2019,"93,434"
7/29/2019,"75,745"
7/30/2019,"80,128"
7/31/2019,"79,871"
8/1/2019,"90,474"
8/2/2019,"110,525"
8/3/2019,"121,771"
8/4/2019,"104,059"
8/5/2019,"77,427"
8/6/2019,"77,539"
8/7/2019,"93,221"
8/8/2019,"107,398"
8/9/2019,"90,059"
8/10/2019,"106,593"
8/11/2019,"96,210"
8/12/2019,"70,374"
8/13/2019,"71,255"
8/14/2019,"67,517"
8/15/2019,"67,687"
8/16/2019,"83,079"
8/17/2019,"102,357"
8/18/2019,"88,406"
8/19/2019,"67,435"
8/20/2019,"57,997"
8/21/2019,"64,017"
8/22/2019,"65,244"
8/23/2019,"77,939"
8/24/2019,"90,075"
8/25/2019,"85,908"
8/26/2019,"57,334"
8/27/2019,"88,967"
8/28/2019,"63,534"
8/29/2019,"66,709"
8/30/2019,"76,224"
8/31/2019,"102,167"
9/1/2019,"108,472"
9/2/2019,"87,064"
9/3/2019,"36,073"
9/4/2019,"30,430"
9/5/2019,"32,903"
9/6/2019,"38,470"
9/7/2019,"51,721"
9/8/2019,"48,038"
9/9/2019,"33,793"
9/10/2019,"38,295"
9/11/2019,"31,672"
9/12/2019,"33,088"
9/13/2019,"39,162"
9/14/2019,"53,964"
9/15/2019,"49,116"
9/16/2019,"33,621"
9/17/2019,"31,077"
9/18/2019,"30,751"
9/19/2019,"60,019"
9/20/2019,"51,403"
9/21/2019,"55,610"
9/22/2019,"50,105"
9/23/2019,"34,757"
9/24/2019,"31,938"
9/25/2019,"65,652"
9/26/2019,"45,355"
9/27/2019,"48,300"
9/28/2019,"62,738"
9/29/2019,"56,471"
9/30/2019,"41,857"
10/1/2019,"40,290"
10/2/2019,"37,550"
10/3/2019,"56,279"
10/4/2019,"49,690"
10/5/2019,"63,468"
10/6/2019,"59,864"
10/7/2019,"44,233"
10/8/2019,"48,049"
10/9/2019,"42,609"
10/10/2019,"61,645"
10/11/2019,"65,707"
10/12/2019,"83,752"
10/13/2019,"78,209"
10/14/2019,"59,384"
10/15/2019,"45,654"
10/16/2019,"45,722"
10/17/2019,"56,773"
10/18/2019,"60,686"
10/19/2019,"71,344"
10/20/2019,"61,034"
10/21/2019,"41,094"
10/22/2019,"41,095"
10/23/2019,"37,434"
10/24/2019,"48,818"
10/25/2019,"48,594"
10/26/2019,"62,602"
10/27/2019,"54,524"
10/28/2019,"37,622"
10/29/2019,"41,621"
10/30/2019,"40,154"
10/31/2019,"37,216"
11/1/2019,"54,694"
11/2/2019,"83,325"
11/3/2019,"70,859"
11/4/2019,"48,809"
11/5/2019,"50,875"
11/6/2019,"52,625"
11/7/2019,"58,574"
11/8/2019,"71,123"
11/9/2019,"91,652"
11/10/2019,"81,253"
11/11/2019,"66,590"
11/12/2019,"54,962"
11/13/2019,"64,426"
11/14/2019,"56,907"
11/15/2019,"70,729"
11/16/2019,"99,025"
11/17/2019,"81,110"
11/18/2019,"49,780"
11/19/2019,"49,603"
11/20/2019,"50,224"
11/21/2019,"63,039"
11/22/2019,"64,249"
11/23/2019,"88,234"
11/24/2019,"80,975"
11/25/2019,"75,442"
11/26/2019,"133,557"
11/27/2019,"118,172"
11/28/2019,"247,497"
11/29/2019,"249,520"
11/30/2019,"123,759"
12/1/2019,"76,300"
12/2/2019,"49,676"
12/3/2019,"51,300"
12/4/2019,"72,103"
12/5/2019,"54,933"
12/6/2019,"58,314"
12/7/2019,"82,997"
12/8/2019,"70,376"
12/9/2019,"50,863"
12/10/2019,"48,251"
12/11/2019,"57,613"
12/12/2019,"84,321"
12/13/2019,"76,717"
12/14/2019,"98,177"
12/15/2019,"82,203"
12/16/2019,"62,591"
12/17/2019,"80,029"
12/18/2019,"62,088"
12/19/2019,"72,817"
12/20/2019,"96,616"
12/21/2019,"102,456"
12/22/2019,"98,435"
12/23/2019,"90,799"
12/24/2019,"60,231"
12/25/2019,"52,100"
12/26/2019,"93,464"
12/27/2019,"79,600"
12/28/2019,"81,809"
12/29/2019,"72,718"
12/30/2019,"103,019"
12/31/2019,"64,168"
1/1/2020,"65,059"
1/2/2020,"47,367"
1/3/2020,"46,723"
1/4/2020,"53,139"
1/5/2020,"41,161"
1/6/2020,"28,225"
1/7/2020,"36,403"
1/8/2020,"28,244"
1/9/2020,"42,295"
1/10/2020,"59,219"
1/11/2020,"45,886"
1/12/2020,"38,948"
1/13/2020,"27,078"
1/14/2020,"35,253"
1/15/2020,"26,239"
1/16/2020,"34,600"
1/17/2020,"54,038"
1/18/2020,"45,434"
1/19/2020,"46,741"
1/20/2020,"36,892"
1/21/2020,"23,963"
1/22/2020,"23,326"
1/23/2020,"29,532"
1/24/2020,"57,263"
1/25/2020,"45,336"
1/26/2020,"38,286"
1/27/2020,"25,443"
1/28/2020,"23,962"
1/29/2020,"24,015"
1/30/2020,"29,584"
1/31/2020,"70,626"
2/1/2020,"66,149"
2/2/2020,"37,661"
2/3/2020,"26,435"
2/4/2020,"34,415"
2/5/2020,"24,864"
2/6/2020,"27,173"
2/7/2020,"33,286"
2/8/2020,"44,230"
2/9/2020,"39,466"
2/10/2020,"44,501"
2/11/2020,"57,971"
2/12/2020,"39,544"
2/13/2020,"44,053"
2/14/2020,"45,309"
2/15/2020,"62,313"
2/16/2020,"52,452"
2/17/2020,"46,460"
2/18/2020,"29,086"
2/19/2020,"28,112"
2/20/2020,"29,432"
2/21/2020,"36,104"
2/22/2020,"50,580"
2/23/2020,"41,376"
2/24/2020,"26,649"
2/25/2020,"30,374"
2/26/2020,"26,414"
2/27/2020,"56,860"
2/28/2020,"42,012"
2/29/2020,"58,442"
3/1/2020,"46,769"
3/2/2020,"27,799"
3/3/2020,"25,852"
3/4/2020,"27,284"
3/5/2020,"55,506"
3/6/2020,"41,629"
3/7/2020,"56,852"
3/8/2020,"44,507"
3/9/2020,"34,509"
3/10/2020,"38,081"
3/11/2020,"33,189"
3/12/2020,"60,985"
3/13/2020,"46,774"
3/14/2020,"73,195"
3/15/2020,"66,305"
3/16/2020,"42,693"
3/17/2020,"28,723"
3/18/2020,"24,002"
3/19/2020,"22,354"
3/20/2020,"27,422"
3/21/2020,"20,438"
3/22/2020,"14,855"
3/23/2020,"13,214"
3/24/2020,"11,912"
3/25/2020,"9,531"
3/26/2020,"13,384"
3/27/2020,"10,008"
3/28/2020,"9,016"
3/29/2020,"9,130"
3/30/2020,"9,658"
3/31/2020,"7,811"
4/1/2020,"6,049"
4/2/2020,"5,436"
4/3/2020,"5,276"
4/4/2020,"5,323"
4/5/2020,"5,114"
4/6/2020,"7,287"
4/7/2020,"8,012"
4/8/2020,"6,633"
4/9/2020,"5,884"
4/10/2020,"4,802"
4/11/2020,"4,685"
4/12/2020,"5,761"
4/13/2020,"8,417"
4/14/2020,"6,033"
4/15/2020,"5,613"
4/16/2020,"54,747"
4/17/2020,"17,606"
4/18/2020,"8,851"
4/19/2020,"9,299"
4/20/2020,"10,430"
4/21/2020,"10,323"
4/22/2020,"8,642"
4/23/2020,"9,404"
4/24/2020,"9,852"
4/25/2020,"10,105"
4/26/2020,"11,021"
4/27/2020,"13,564"
4/28/2020,"13,333"
4/29/2020,"13,958"
4/30/2020,"16,707"
5/1/2020,"25,046"
5/2/2020,"32,053"
5/3/2020,"23,380"
5/4/2020,"24,875"
5/5/2020,"23,474"
5/6/2020,"24,113"
5/7/2020,"27,783"
5/8/2020,"48,406"
5/9/2020,"47,916"
5/10/2020,"34,282"
5/11/2020,"41,993"
5/12/2020,"39,835"
5/13/2020,"40,221"
5/14/2020,"44,549"
5/15/2020,"86,507"
5/16/2020,"71,353"
5/17/2020,"63,984"
5/18/2020,"59,065"
5/19/2020,"61,162"
5/20/2020,"62,146"
5/21/2020,"63,713"
5/22/2020,"85,697"
5/23/2020,"82,841"
5/24/2020,"78,749"
5/25/2020,"80,772"
5/26/2020,"66,004"
5/27/2020,"57,611"
5/28/2020,"62,304"
5/29/2020,"85,351"
5/30/2020,"77,271"
5/31/2020,"64,536"
6/1/2020,"53,152"
6/2/2020,"53,629"
6/3/2020,"57,748"
6/4/2020,"64,400"
6/5/2020,"77,204"
6/6/2020,"86,592"
6/7/2020,"73,186"
6/8/2020,"67,192"
6/9/2020,"65,004"
6/10/2020,"70,179"
6/11/2020,"70,634"
6/12/2020,"82,525"
6/13/2020,"94,276"
6/14/2020,"87,556"
6/15/2020,"74,334"
6/16/2020,"69,387"
6/17/2020,"67,840"
6/18/2020,"67,508"
6/19/2020,"71,991"
6/20/2020,"76,101"
6/21/2020,"67,440"
6/22/2020,"64,176"
6/23/2020,"60,998"
6/24/2020,"63,666"
6/25/2020,"60,667"
6/26/2020,"62,662"
6/27/2020,"75,951"
6/28/2020,"71,085"
6/29/2020,"88,069"
6/30/2020,"73,938"
7/1/2020,"65,762"
7/2/2020,"81,255"
7/3/2020,"83,394"
7/4/2020,"70,246"
7/5/2020,"72,100"
7/6/2020,"54,429"
7/7/2020,"49,844"
7/8/2020,"43,637"
7/9/2020,"65,534"
7/10/2020,"59,319"
7/11/2020,"66,559"
7/12/2020,"59,705"
7/13/2020,"85,148"
7/14/2020,"58,438"
7/15/2020,"52,661"
7/16/2020,"29,330"
7/17/2020,"27,323"
7/18/2020,"32,622"
7/19/2020,"31,993"
7/20/2020,"22,920"
7/21/2020,"23,216"
7/22/2020,"23,956"
7/23/2020,"26,047"
7/24/2020,"29,074"
7/25/2020,"33,900"
7/26/2020,"32,176"
7/27/2020,"28,120"
7/28/2020,"28,028"
7/29/2020,"43,345"
7/30/2020,"37,327"
7/31/2020,"45,969"
8/1/2020,"47,642"
8/2/2020,"46,390"
8/3/2020,"33,856"
8/4/2020,"35,247"
8/5/2020,"42,389"
8/6/2020,"45,588"
8/7/2020,"49,364"
8/8/2020,"56,417"
8/9/2020,"51,676"
8/10/2020,"33,325"
8/11/2020,"30,853"
8/12/2020,"41,387"
8/13/2020,"36,853"
8/14/2020,"35,016"
8/15/2020,"48,481"
8/16/2020,"47,314"
8/17/2020,"29,136"
8/18/2020,"28,553"
8/19/2020,"28,829"
8/20/2020,"40,566"
8/21/2020,"45,823"
8/22/2020,"53,469"
8/23/2020,"48,118"
8/24/2020,"28,607"
8/25/2020,"26,059"
8/26/2020,"31,598"
8/27/2020,"29,751"
8/28/2020,"35,753"
8/29/2020,"51,135"
8/30/2020,"40,631"
8/31/2020,"21,112"
9/1/2020,"35,226"
9/2/2020,"27,965"
9/3/2020,"39,994"
9/4/2020,"55,237"
9/5/2020,"57,082"
9/6/2020,"57,822"
9/7/2020,"43,904"
9/8/2020,"22,164"
9/9/2020,"21,967"
9/10/2020,"20,160"
9/11/2020,"21,768"
9/12/2020,"33,447"
9/13/2020,"28,037"
9/14/2020,"16,628"
9/15/2020,"17,154"
9/16/2020,"22,049"
9/17/2020,"20,878"
9/18/2020,"29,093"
9/19/2020,"37,195"
9/20/2020,"30,955"
9/21/2020,"20,736"
9/22/2020,"23,414"
9/23/2020,"19,160"
9/24/2020,"19,388"
9/25/2020,"23,563"
9/26/2020,"33,195"
9/27/2020,"28,277"
9/28/2020,"18,432"
9/29/2020,"19,378"
9/30/2020,"17,674"
10/1/2020,"35,948"
10/2/2020,"37,624"
10/3/2020,"46,268"
10/4/2020,"36,174"
10/5/2020,"21,506"
10/6/2020,"23,280"
10/7/2020,"29,149"
10/8/2020,"32,623"
10/9/2020,"51,126"
10/10/2020,"70,992"
10/11/2020,"67,013"
10/12/2020,"49,880"
10/13/2020,"35,866"
10/14/2020,"37,097"
10/15/2020,"50,489"
10/16/2020,"57,448"
10/17/2020,"64,719"
10/18/2020,"56,181"
10/19/2020,"38,388"
10/20/2020,"36,232"
10/21/2020,"48,392"
10/22/2020,"39,505"
10/23/2020,"44,900"
10/24/2020,"59,272"
10/25/2020,"52,686"
10/26/2020,"36,244"
10/27/2020,"33,694"
10/28/2020,"33,103"
10/29/2020,"66,580"
10/30/2020,"49,247"
10/31/2020,"49,368"
11/1/2020,"51,801"
11/2/2020,"75,248"
11/3/2020,"69,938"
11/4/2020,"48,868"
11/5/2020,"50,616"
11/6/2020,"97,902"
11/7/2020,"89,450"
11/8/2020,"72,800"
11/9/2020,"51,621"
11/10/2020,"77,820"
11/11/2020,"102,831"
11/12/2020,"63,138"
11/13/2020,"74,185"
11/14/2020,"90,247"
11/15/2020,"73,399"
11/16/2020,"75,854"
11/17/2020,"63,051"
11/18/2020,"92,387"
11/19/2020,"63,860"
11/20/2020,"85,059"
11/21/2020,"96,483"
11/22/2020,"84,872"
11/23/2020,"80,114"
11/24/2020,"86,058"
11/25/2020,"105,711"
11/26/2020,"119,104"
11/27/2020,"164,835"
11/28/2020,"94,883"
11/29/2020,"70,727"
11/30/2020,"45,447"
12/1/2020,"36,116"
12/2/2020,"61,283"
12/3/2020,"56,331"
12/4/2020,"59,699"
12/5/2020,"71,459"
12/6/2020,"60,582"
12/7/2020,"49,337"
12/8/2020,"48,444"
12/9/2020,"70,170"
12/10/2020,"55,703"
12/11/2020,"64,218"
12/12/2020,"80,977"
12/13/2020,"69,057"
12/14/2020,"51,917"
12/15/2020,"58,850"
12/16/2020,"63,638"
12/17/2020,"54,388"
12/18/2020,"67,536"
12/19/2020,"86,417"
12/20/2020,"78,961"
12/21/2020,"67,058"
12/22/2020,"60,301"
12/23/2020,"60,033"
12/24/2020,"44,445"
12/25/2020,"33,862"
12/26/2020,"84,210"
12/27/2020,"68,989"
12/28/2020,"58,222"
12/29/2020,"50,805"
12/30/2020,"47,324"
12/31/2020,"42,636"
1/1/2021,"65,786"
1/2/2021,"60,615"
1/3/2021,"39,617"
1/4/2021,"31,886"
1/5/2021,"25,561"
1/6/2021,"22,515"
1/7/2021,"22,095"
1/8/2021,"28,842"
1/9/2021,"44,497"
1/10/2021,"36,465"
1/11/2021,"24,031"
1/12/2021,"23,270"
1/13/2021,"25,957"
1/14/2021,"26,141"
1/15/2021,"33,112"
1/16/2021,"50,535"
1/17/2021,"47,162"
1/18/2021,"33,424"
1/19/2021,"20,462"
1/20/2021,"18,695"
1/21/2021,"21,077"
1/22/2021,"25,623"
1/23/2021,"41,296"
1/24/2021,"33,974"
1/25/2021,"22,514"
1/26/2021,"20,209"
1/27/2021,"20,515"
1/28/2021,"21,100"
1/29/2021,"25,682"
1/30/2021,"40,020"
1/31/2021,"31,582"
2/1/2021,"23,935"
2/2/2021,"23,354"
2/3/2021,"25,739"
2/4/2021,"21,945"
2/5/2021,"24,722"
2/6/2021,"42,392"
2/7/2021,"30,430"
2/8/2021,"23,488"
2/9/2021,"27,050"
2/10/2021,"40,649"
2/11/2021,"32,001"
2/12/2021,"36,926"
2/13/2021,"49,276"
2/14/2021,"43,124"
2/15/2021,"32,697"
2/16/2021,"36,082"
2/17/2021,"24,484"
2/18/2021,"27,764"
2/19/2021,"33,671"
2/20/2021,"45,127"
2/21/2021,"40,830"
2/22/2021,"26,423"
2/23/2021,"23,917"
2/24/2021,"25,145"
2/25/2021,"27,849"
2/26/2021,"36,077"
2/27/2021,"51,321"
2/28/2021,"43,762"
3/1/2021,"27,924"
3/2/2021,"30,618"
3/3/2021,"26,376"
3/4/2021,"42,819"
3/5/2021,"46,132"
3/6/2021,"61,869"
3/7/2021,"55,260"
3/8/2021,"34,379"
3/9/2021,"46,542"
3/10/2021,"37,180"
3/11/2021,"38,089"
3/12/2021,"84,301"
3/13/2021,"101,055"
3/14/2021,"77,780"
3/15/2021,"54,203"
3/16/2021,"55,401"
3/17/2021,"66,370"
3/18/2021,"72,883"
3/19/2021,"79,889"
3/20/2021,"106,504"
3/21/2021,"89,283"
3/22/2021,"54,920"
3/23/2021,"55,357"
3/24/2021,"55,014"
3/25/2021,"68,171"
3/26/2021,"70,648"
3/27/2021,"96,181"
3/28/2021,"86,880"
3/29/2021,"63,058"
3/30/2021,"62,422"
3/31/2021,"67,807"
4/1/2021,"64,442"
4/2/2021,"84,575"
4/3/2021,"85,711"
4/4/2021,"60,776"
4/5/2021,"54,053"
4/6/2021,"71,716"
4/7/2021,"77,460"
4/8/2021,"71,688"
4/9/2021,"85,542"
4/10/2021,"97,464"
4/11/2021,"77,866"
4/12/2021,"45,010"
4/13/2021,"40,814"
4/14/2021,"47,314"
4/15/2021,"57,857"
4/16/2021,"59,335"
4/17/2021,"84,180"
4/18/2021,"72,276"
4/19/2021,"39,920"
4/20/2021,"36,832"
4/21/2021,"44,393"
4/22/2021,"50,594"
4/23/2021,"62,509"
4/24/2021,"110,809"
4/25/2021,"79,910"
4/26/2021,"36,650"
4/27/2021,"32,781"
4/28/2021,"33,576"
4/29/2021,"36,507"
4/30/2021,"51,964"
5/1/2021,"60,958"
5/2/2021,"53,817"
5/3/2021,"40,542"
5/4/2021,"35,686"
5/5/2021,"38,189"
5/6/2021,"37,950"
5/7/2021,"49,603"
5/8/2021,"62,485"
5/9/2021,"47,969"
5/10/2021,"34,851"
5/11/2021,"32,720"
5/12/2021,"32,443"
5/13/2021,"35,681"
5/14/2021,"48,310"
5/15/2021,"56,758"
5/16/2021,"48,963"
5/17/2021,"33,987"
5/18/2021,"34,480"
5/19/2021,"40,654"
5/20/2021,"48,532"
5/21/2021,"53,618"
5/22/2021,"65,827"
5/23/2021,"60,065"
5/24/2021,"42,235"
5/25/2021,"49,447"
5/26/2021,"98,967"
5/27/2021,"106,226"
5/28/2021,"108,840"
5/29/2021,"123,584"
5/30/2021,"120,462"
5/31/2021,"87,249"
6/1/2021,"38,591"
6/2/2021,"45,256"
6/3/2021,"46,558"
6/4/2021,"48,681"
6/5/2021,"60,460"
6/6/2021,"55,662"
6/7/2021,"41,344"
6/8/2021,"43,320"
6/9/2021,"43,772"
6/10/2021,"46,639"
6/11/2021,"59,848"
6/12/2021,"67,183"
6/13/2021,"62,962"
6/14/2021,"48,897"
6/15/2021,"49,597"
6/16/2021,"50,487"
6/17/2021,"52,155"
6/18/2021,"56,873"
6/19/2021,"67,861"
6/20/2021,"57,111"
6/21/2021,"47,805"
6/22/2021,"57,743"
6/23/2021,"49,494"
6/24/2021,"57,959"
6/25/2021,"65,550"
6/26/2021,"83,701"
6/27/2021,"74,678"
6/28/2021,"76,208"
6/29/2021,"67,083"
6/30/2021,"86,409"
7/1/2021,"95,054"
7/2/2021,"113,652"
7/3/2021,"121,290"
7/4/2021,"95,566"
7/5/2021,"79,010"
7/6/2021,"55,804"
7/7/2021,"56,248"
7/8/2021,"83,463"
7/9/2021,"91,820"
7/10/2021,"90,043"
7/11/2021,"75,700"
7/12/2021,"59,563"
7/13/2021,"84,846"
7/14/2021,"90,966"
7/15/2021,"69,752"
7/16/2021,"85,726"
7/17/2021,"92,245"
7/18/2021,"82,027"
7/19/2021,"76,709"
7/20/2021,"71,700"
7/21/2021,"66,147"
7/22/2021,"71,929"
7/23/2021,"78,601"
7/24/2021,"86,014"
7/25/2021,"76,146"
7/26/2021,"67,638"
7/27/2021,"66,497"
7/28/2021,"76,071"
7/29/2021,"97,396"
7/30/2021,"100,361"
7/31/2021,"111,780"
8/1/2021,"106,932"
8/2/2021,"77,904"
8/3/2021,"82,485"
8/4/2021,"82,457"
8/5/2021,"79,072"
8/6/2021,"97,886"
8/7/2021,"115,254"
8/8/2021,"96,929"
8/9/2021,"67,464"
8/10/2021,"66,653"
8/11/2021,"77,380"
8/12/2021,"69,624"
8/13/2021,"76,736"
8/14/2021,"92,591"
8/15/2021,"85,454"
8/16/2021,"65,009"
8/17/2021,"64,907"
8/18/2021,"73,136"
8/19/2021,"73,370"
8/20/2021,"82,398"
8/21/2021,"91,992"
8/22/2021,"82,320"
8/23/2021,"58,187"
8/24/2021,"53,004"
8/25/2021,"56,008"
8/26/2021,"66,513"
8/27/2021,"78,750"
8/28/2021,"94,716"
8/29/2021,"75,154"
8/30/2021,"51,618"
8/31/2021,"68,330"
9/1/2021,"69,845"
9/2/2021,"67,305"
9/3/2021,"74,628"
9/4/2021,"90,266"
9/5/2021,"96,825"
9/6/2021,"77,835"
9/7/2021,"38,482"
9/8/2021,"36,622"
9/9/2021,"36,340"
9/10/2021,"41,106"
9/11/2021,"51,555"
9/12/2021,"48,764"
9/13/2021,"31,477"
9/14/2021,"29,910"
9/15/2021,"34,352"
9/16/2021,"37,958"
9/17/2021,"42,896"
9/18/2021,"55,831"
9/19/2021,"49,803"
9/20/2021,"34,253"
9/21/2021,"32,695"
9/22/2021,"33,830"
9/23/2021,"35,033"
9/24/2021,"48,388"
9/25/2021,"59,493"
9/26/2021,"50,713"
9/27/2021,"33,927"
9/28/2021,"34,967"
9/29/2021,"36,678"
9/30/2021,"37,164"
10/1/2021,"47,902"
10/2/2021,"73,821"
10/3/2021,"60,142"
10/4/2021,"42,907"
10/5/2021,"38,761"
10/6/2021,"47,198"
10/7/2021,"42,876"
10/8/2021,"58,369"
10/9/2021,"69,525"
10/10/2021,"62,728"
10/11/2021,"52,922"
10/12/2021,"51,606"
10/13/2021,"58,764"
10/14/2021,"44,905"
10/15/2021,"48,691"
10/16/2021,"62,849"
10/17/2021,"55,255"
10/18/2021,"35,694"
10/19/2021,"37,756"
10/20/2021,"39,987"
10/21/2021,"40,367"
10/22/2021,"47,450"
10/23/2021,"62,619"
10/24/2021,"53,739"
10/25/2021,"41,992"
10/26/2021,"44,428"
10/27/2021,"41,402"
10/28/2021,"43,962"
10/29/2021,"46,249"
10/30/2021,"59,567"
10/31/2021,"46,005"
11/1/2021,"49,703"
11/2/2021,"54,989"
11/3/2021,"63,582"
11/4/2021,"64,572"
11/5/2021,"71,735"
11/6/2021,"95,816"
11/7/2021,"83,074"
11/8/2021,"68,262"
11/9/2021,"66,255"
11/10/2021,"67,039"
11/11/2021,"79,675"
11/12/2021,"82,612"
11/13/2021,"104,132"
11/14/2021,"86,377"
11/15/2021,"60,488"
11/16/2021,"63,660"
11/17/2021,"69,380"
11/18/2021,"70,645"
11/19/2021,"91,124"
11/20/2021,"116,907"
11/21/2021,"98,297"
11/22/2021,"77,650"
11/23/2021,"89,692"
11/24/2021,"118,626"
11/25/2021,"158,314"
11/26/2021,"219,024"
11/27/2021,"113,650"
11/28/2021,"81,032"
11/29/2021,"47,198"
11/30/2021,"50,101"
12/1/2021,"52,772"
12/2/2021,"57,942"
12/3/2021,"67,953"
12/4/2021,"82,990"
12/5/2021,"69,048"
12/6/2021,"46,779"
12/7/2021,"44,935"
12/8/2021,"53,223"
12/9/2021,"51,950"
12/10/2021,"64,005"
12/11/2021,"85,924"
12/12/2021,"72,077"
12/13/2021,"56,083"
12/14/2021,"50,488"
12/15/2021,"46,077"
12/16/2021,"55,964"
12/17/2021,"64,083"
12/18/2021,"89,872"
12/19/2021,"83,318"
12/20/2021,"65,027"
12/21/2021,"63,652"
12/22/2021,"64,113"
12/23/2021,"73,175"
12/24/2021,"52,895"
12/25/2021,"36,199"
12/26/2021,"78,407"
12/27/2021,"68,714"
12/28/2021,"71,793"
12/29/2021,"58,187"
12/30/2021,"54,230"
12/31/2021,"51,298"
1/1/2022,"54,382"
1/2/2022,"42,075"
1/3/2022,"29,906"
1/4/2022,"25,407"
1/5/2022,"23,821"
1/6/2022,"24,981"
1/7/2022,"32,381"
1/8/2022,"41,098"
1/9/2022,"34,046"
1/10/2022,"22,465"
1/11/2022,"21,612"
1/12/2022,"27,454"
1/13/2022,"28,478"
1/14/2022,"33,345"
1/15/2022,"47,767"
1/16/2022,"39,369"
1/17/2022,"31,111"
1/18/2022,"29,361"
1/19/2022,"24,510"
1/20/2022,"21,985"
1/21/2022,"29,601"
1/22/2022,"38,272"
1/23/2022,"32,029"
1/24/2022,"19,678"
1/25/2022,"19,417"
1/26/2022,"19,184"
,
